Date,Client,Cumulative
2010-06-24,Berns Commercial Properties,4
2010-06-24,Crescent Recourses,4
2010-06-24,"Crixell, Juan",4
2010-06-24,"Dawlett, Haythem",4
2010-06-24,"Jones, Eddie",4
2010-06-24,"Kelly, Mike",4
2010-06-24,"Lehmann, Sandy",4
2010-06-24,"Petty, Stephen",4
2010-06-24,"Robbins, Stewart",2
2010-06-24,"Schriber, Michael",4
2010-06-24,Stahl Bernal and Davies,4
2010-06-24,V and S Enterprises,4
2010-06-24,Versa Development,4
2010-09-14,IESI,4
2010-12-16,1600 West 38th,4
2010-12-16,MU 13,4
2010-12-16,Travis Entitlements,4
2011-04-14,VIA Motors,4
2011-04-21,"Gila, LLC dba Municipal Services Bureau",1
2011-04-21,Lone Star Cab Company,1
2011-04-21,Wal-Mart,1
2011-05-10,Carollo Engineers,2
2011-05-10,Credit Suisse Asset Management,4
2011-05-10,Denucci Constructors,4
2011-05-10,Forestar Real Estate Group,4
2011-05-10,Freescale,4
2011-05-10,HomeAway,4
2011-05-10,Koontz-McCombs,4
2011-05-10,Robert H. Theriot,4
2011-05-10,Shoreline Christian Center,4
2011-05-10,The RK Group,4
2011-05-10,Universal Health Services,4
2011-05-10,Wilfred Naddef,4
2011-08-16,Advance America - Cash Advance Centers,4
2011-08-17,408 Sterzing,4
2011-08-17,720 Lamar Place,4
2011-08-17,AECOM,4
2011-08-17,"Aguirre, Antolin",2
2011-08-17,Alex and Mark Calderon,4
2011-08-17,Amaz for Hair,4
2011-08-17,Anderson's Coffee,4
2011-08-17,Antolin Aguirre,2
2011-08-17,Asterisk Group,4
2011-08-17,Austin Flower Co.,2
2011-08-17,Austin's Pizza,4
2011-08-17,Avis Rent-A-Car,4
2011-08-17,Berns Commercial Properties,4
2011-08-17,Bouldin Creek Neighborhood Association,4
2011-08-17,Bradz Salon,4
2011-08-17,Bunkhouse Management,4
2011-08-17,Capelli Salon,4
2011-08-17,Capitol City Imports,4
2011-08-17,Caroline's,4
2011-08-17,Cathedral of Junk,4
2011-08-17,"Cobalt Partners, Limited",4
2011-08-17,"Connolly, III, James, D., (Trey) and Steve Rambo",2
2011-08-17,Contessa Gallery,4
2011-08-17,Criterion Development Partners,4
2011-08-17,Dennis Fagan Still and Moving Pictures,4
2011-08-17,Eanes Community Alliance,4
2011-08-17,Elan Hair Salon,4
2011-08-17,Estilio Valdez Salon,4
2011-08-17,Fineline Diversivied Development,2
2011-08-17,Fotowatio Renewable Ventures,4
2011-08-17,Franzetti Jewelers,4
2011-08-17,Garden Room,4
2011-08-17,Gemini Solar Development,4
2011-08-17,Grubb and Ellis Realty Investors,4
2011-08-17,"Highland Park West, Limited",4
2011-08-17,Insurance Auto Auctions,4
2011-08-17,John Calhoun Miller,2
2011-08-17,"Joseph Liemandt, Andra Liemandt",2
2011-08-17,Kerbey Lane Cafe,4
2011-08-17,Kerbey Lane Doll Shoppe,2
2011-08-17,"Keyes, Mary Alice",4
2011-08-17,LUCE,4
2011-08-17,Lee's Meat Market,4
2011-08-17,Leveland Homes,4
2011-08-17,"Liemandt, Joseph and Andra",2
2011-08-17,"Lorenz, Perry",4
2011-08-17,MTG Management,4
2011-08-17,Magic Carpet,4
2011-08-17,"Miller, John Calhoun",2
2011-08-17,Monocoque Diversified Interests,4
2011-08-17,"Nadeau, Sean",4
2011-08-17,Noble Savage Design/Build,4
2011-08-17,Northwest Austin Civic Association,4
2011-08-17,NuRock Development,4
2011-08-17,Oak Hill United Methodist Church,4
2011-08-17,Oliva's Tailor Shop,4
2011-08-17,Oxford Alliance Investments,4
2011-08-17,P and H Medical Solutions,4
2011-08-17,Pacifica Host Hotels,4
2011-08-17,Pasta and Company,4
2011-08-17,Peter T. Martin and Kevin McNeil Martin and Martin Law,4
2011-08-17,Prevarian Hospital Partners,4
2011-08-17,Radec Management,4
2011-08-17,Reagan National Advertising,4
2011-08-17,"Riverside Resources Investments, Limited",4
2011-08-17,Rob Roy Homeowners Association,4
2011-08-17,Robert Ehrlich,4
2011-08-17,Robert Ross,4
2011-08-17,Russell's Bakery,4
2011-08-17,Russell's Bistro,4
2011-08-17,Saint Edward's University,4
2011-08-17,"Second Congress, Limited",4
2011-08-17,Shoal Creek Saloon,4
2011-08-17,Sophie Wiman,4
2011-08-17,Sportsman's Barbershop,4
2011-08-17,Steve Greenberg,2
2011-08-17,Subway,4
2011-08-17,Texas Capital Bank,4
2011-08-17,The Brick Oven Restaurant,4
2011-08-17,The Menagerie,4
2011-08-17,The Samuel Group Architects,4
2011-08-17,Tri Recycling,4
2011-08-17,Trilogy Enterprises,4
2011-08-17,V and S Enterprises,4
2011-08-17,Verbena Design Studio,4
2011-08-17,Versa Development,4
2011-08-17,Wendow,4
2011-08-17,Zachary Scott Theatre,4
2011-08-17,Zilker Park Residences Partners,4
2011-08-17,bella-mi Children's Store,4
2011-10-21,AFSCME 1624,2
2011-10-21,Austin AFL CIO,2
2011-11-18,Connecticut General Life Insurance Company,8
2012-01-06,Catellus Commercial Group,4
2012-01-06,DFI Resources,4
2012-01-06,Delaware North Companies/Travel Hospitality Services,4
2012-01-06,Lennar Homes,4
2012-01-06,National Works,4
2012-01-06,Waller Creek Conservancy,4
2012-01-06,"Yacktman, Stephen and Ellyn",4
2012-01-07,United Cab,8
2012-01-12,Texas Retailers Association,4
2012-01-17,Twin Oaks Associates,4
2012-01-19,Solar Austin Foundation,4
2012-03-05,The Real Estate Council of Austin,4
2012-03-09,Apple,4
2012-03-09,RedLeaf Highland,4
2012-03-09,RedLeaf Properties,4
2012-03-23,American Heart Association,10
2012-04-16,Greyhound Lines,1
2012-04-16,Strategic Partnerships,1
2012-04-17,Public Citizen,4
2012-04-25,Davey Tree Expert Company,4
2012-06-22,Austin Board of Realtors,1
2012-07-05,Seton Healthcare,12
2012-09-27,Austin Community College District,4
2012-09-27,Cornerbrook Development,4
2012-09-27,One World Theatre,4
2012-09-27,Rancho Garza,4
2012-09-28,National Joint Powers Alliance,4
2012-10-19,Austin Community College District,8
2012-10-19,Cornerbrook Development,8
2012-10-19,One World Theatre,8
2012-10-19,Rancho Garza,8
2012-10-22,American Constructors,4
2012-10-22,Brightman Energy,4
2012-10-22,Don Martin Public Affairs,4
2012-10-22,Fine Line Diversified Development,2
2012-10-22,Fineline Diversified Developement,2
2012-10-22,Journeyman Construction,4
2012-10-22,Lynxs,4
2012-10-22,"OHL, USA",4
2012-10-22,OHL/Zachary,4
2012-10-22,Spurs Sports and Entertainment,4
2013-01-03,1219 South Lamar Venture,8
2013-01-03,5453 Burnet Park Venture,8
2013-01-03,Alliance Residential,8
2013-01-03,Ardent Residential,8
2013-01-03,"Austin American-Statesman,",8
2013-01-03,Austin Children's Museum,8
2013-01-03,Austin Chronicle,8
2013-01-03,"Avellan, Elizabeth",8
2013-01-03,"Ayers, Robert A.",4
2013-01-03,Bread and Circus,8
2013-01-03,"Champion, Josie, Juanita Meier and Mary Margaret Roberson",8
2013-01-03,"Charles S. Dildy and Bertha Magdelan Steger Dildy, Trustees",8
2013-01-03,Christopher Commercial,8
2013-01-03,Churchill Forge,8
2013-01-03,Constructive Ventures,8
2013-01-03,Coover and Coover,4
2013-01-03,"Coover, David M. Jr.",4
2013-01-03,Cottonwood Holdings,8
2013-01-03,Dwyer Realty Companies,8
2013-01-03,EYA Investments,8
2013-01-03,Falkin/Platnick Realty Group,8
2013-01-03,Farm Credit Bank of Texas,8
2013-01-03,Film Society of Austin,8
2013-01-03,Finley Company,8
2013-01-03,Floresta Properties,40
2013-01-03,HRI Development,8
2013-01-03,Highland Management,16
2013-01-03,"Hillin Jr., Robert",8
2013-01-03,INTCO Development of Texas,8
2013-01-03,INTCO Properties,4
2013-01-03,"International Bank of Commerce, Laredo, Texas",8
2013-01-03,Jack Brown Companies,8
2013-01-03,Jack Brown Family III,8
2013-01-03,KB Home,8
2013-01-03,KXAN,8
2013-01-03,Kevin Hunter Camco Land,6
2013-01-03,Kitchell Development,8
2013-01-03,"Knight, Robert - Knight Real Estate",8
2013-01-03,Lack and Hurley,8
2013-01-03,Lampting,8
2013-01-03,Lica Pinkston,4
2013-01-03,"Logan, Ellen Anderson",8
2013-01-03,"Lorenz, Perry",8
2013-01-03,MSW-NSG Real Estate Ventures,8
2013-01-03,Margaret Scarbrough Wilson,8
2013-01-03,Met Center,16
2013-01-03,"Moritz, Jim/Moritz Properties",8
2013-01-03,Munson Park,8
2013-01-03,New TPG Four Points,8
2013-01-03,"Pinkston, Lica",4
2013-01-03,Presidio Pictures,8
2013-01-03,Riverside Resources,16
2013-01-03,"Robbins, Freddie H.",8
2013-01-03,"Robbins, Stewart",2
2013-01-03,"Robbins, Stuart B.",4
2013-01-03,"Rodriguez, Robert A.",8
2013-01-03,SXSW,16
2013-01-03,Saint Edward's University,8
2013-01-03,Scarbrough Ventures,8
2013-01-03,South IH-35 Investors,8
2013-01-03,Southwest Parkway Partners,8
2013-01-03,St. David's Foundation,6
2013-01-03,St. David's Healthcare Center,2
2013-01-03,Stratagem Development.,8
2013-01-03,Taylor Morrison of Texas,8
2013-01-03,The Muskin Company,8
2013-01-03,Treaty Oak Bank,8
2013-01-03,Troublemaker Studios,8
2013-01-03,"Turner, Ben, Consort",8
2013-01-03,Twin Oaks Associates,12
2013-01-03,"Tynberg, Alex and Elisabeth",8
2013-01-03,URSTCO GP,16
2013-01-03,"Warshaw, Larry",8
2013-01-03,"Wong, M.D., Mitchel",8
2013-01-03,Zapalac/Reed Construction Company,8
2013-01-03,Zydeco Development,8
2013-01-04,Texas Disposal Systems,3
2013-01-07,Lone Star Rail District (Austin-San Antonio Commuter Rail District),1
2013-01-10,Austin Aquatics and Sports Academy,1
2013-01-10,Austin Sunshine Camp,1
2013-01-10,County Line,1
2013-01-10,Dinerstein Company,1
2013-01-10,First Hartford Realty,1
2013-01-10,Lyda Family Trust,1
2013-01-10,Morgan Group,1
2013-01-10,Regents School of Austin,1
2013-01-10,Sage South Shore,1
2013-01-10,Stratford Land,1
2013-01-17,Marc Knutsen Companies,4
2013-02-14,620/183,1
2013-02-14,Castle Hill Management,1
2013-02-14,Cirrus Logic,1
2013-02-14,Community Sun,1
2013-02-14,Cummings-Baccus,1
2013-02-14,JP Morgan Chase Bank,1
2013-02-14,LTBS 2222,1
2013-02-14,Makar Development - Waters Edge,1
2013-02-14,Michael J. McGinnis,1
2013-02-14,Pearson Place at Avery Ranch,1
2013-02-14,Richard Hardin,1
2013-02-14,Sheffield Partners,1
2013-02-14,Texas Star Brands,1
2013-02-14,Thomas Southwest,1
2013-02-14,ZFB,1
2013-03-04,Brisa Communications,4
2013-03-04,Crossroads Events,4
2013-03-04,Fiestas Patrias of Austin,4
2013-03-04,IBC Bank,4
2013-03-04,MVAA,4
2013-03-04,Minority Contractors Trade Association Alliance,4
2013-03-04,Save Austin,4
2013-03-04,Snappy Snacks Mobile Catering,4
2013-03-04,Southwest Key/ East Austin College Prep Academy,4
2013-03-04,TRC Solutions,4
2013-03-04,The Mulholland Group,4
2013-03-04,Trammell Crow Company,4
2013-03-04,U.S. Hispanic Contractors Association,4
2013-03-07,Capital Metro,1
2013-03-07,Conor Commercial Real Estate,1
2013-03-07,Dessau Business Park Propery Owners Assn,1
2013-03-07,Jeff Alderson,1
2013-03-07,Munsch Hardt Kopf and Harr,1
2013-03-07,Triton Receivership,1
2013-03-08,Bridges on The Park Condominium Association,4
2013-03-21,Redflex Guardian,4
2013-03-21,Redflex Traffic Systems,4
2013-04-29,Andersson Wise Architects,1
2013-04-29,Gordon Muir,1
2013-04-29,John Mayes,1
2013-04-29,Kathy Kyrish,1
2013-04-29,Little City Properties,1
2013-04-29,Lone Star Rail,1
2013-04-29,MKKN Development,1
2013-04-29,Mission Homes,1
2013-04-29,Permit Partners,1
2013-04-29,RIP Esselsttyn,1
2013-04-29,RedLeaf Properties,1
2013-04-29,Scot Van Den Berg,1
2013-04-29,Seton Healthcare,13
2013-04-29,Strategic Partnerships,1
2013-04-30,Ashley Amini,1
2013-04-30,David Morrison,1
2013-04-30,Journeyman Construction,5
2013-04-30,Michael Biter,1
2013-04-30,WEHBE Properties,1
2013-05-01,Workers Defense Project,4
2013-05-21,360 Aircon Energy Savers,4
2013-06-18,AT&T,1
2013-06-18,Cisco Systems,1
2013-06-18,HDI Solutions,1
2013-06-18,Northrop Grumman,1
2013-06-18,Oracle America,1
2013-06-18,Pitney Bowes,1
2013-06-28,Greater Austin Transportation,1
2013-06-28,R and R Limousine and Bus,1
2013-07-01,NextEra Energy Resources,4
2013-07-01,River Place Municipal Utility District,4
2013-07-01,Shady Hollow MUD,4
2013-07-09,Arnold Oil,1
2013-07-09,CWS,1
2013-07-09,Cousins Properties,1
2013-07-09,Hixon Properties,1
2013-07-09,Manchester Financial Group,1
2013-07-09,Post Paggi,1
2013-07-09,Trinsic Residential Group,1
2013-07-09,Walters Southwest,1
2013-07-16,Bob and Michael Herd,1
2013-07-16,Deborah Dunn,1
2013-07-16,Milestone Community Builders,1
2013-07-16,Scotia Western States Housing,1
2013-07-16,St. David's Foundation,7
2013-07-18,5001 Convict Hill,1
2013-07-18,Austin Presbetyrian Theological Seminary,1
2013-07-18,Austin Ridge Bible Church,1
2013-07-18,CBL and Associates Management,1
2013-07-18,"Coats, Rose, Yale, Ryman and Lee",1
2013-07-18,Harris Branch Master Association,1
2013-07-18,North Austin MUD No. 1,1
2013-07-18,RKS Texas Investments,1
2013-07-18,SC Lantana Investors,1
2013-07-18,The Brohn Group,1
2013-07-23,HausBar Farms,1
2013-07-23,Marvin Petzolt,1
2013-07-23,Workers Defense Project,6
2013-08-06,AT&T,11
2013-08-07,AT&T,13
2013-08-09,Dropbox,4
2013-08-13,AT&T,17
2013-08-15,Travis County Emergency Services District No. 11,4
2013-08-20,Austaco,2
2013-08-20,Austin Sonic,2
2013-08-20,McDonalds,2
2013-08-20,Whatabrands,2
2013-08-29,Dropbox,8
2013-09-03,HNTB,1
2013-09-05,5001 Convict Hill,2
2013-09-05,A and M Option 541,1
2013-09-05,APAC- Tecas,1
2013-09-05,Austin HB Residential,1
2013-09-05,Austin Presbetyrian Theological Seminary,2
2013-09-05,Austin Ridge Bible Church,2
2013-09-05,Balcones Country Club Membership Association,1
2013-09-05,Brady Ohman,1
2013-09-05,Braker Valley,1
2013-09-05,Buffalo Equities,1
2013-09-05,CBL and Associates Management,2
2013-09-05,"Coats, Rose, Yale, Ryman and Lee",2
2013-09-05,GHI Partners,1
2013-09-05,Kam Kronenberg,1
2013-09-05,RKS Texas Investments,2
2013-09-05,Rob Roy Homeowners Association,1
2013-09-05,Roy Cavanaugh,1
2013-09-05,SC Lantana Investors,2
2013-09-05,Steve and Michelle Turnquist,1
2013-09-05,The Brohn Group,2
2013-09-05,Vineyard Management,1
2013-09-12,Uber Technologies,3
2013-09-20,Austin Music People,4
2013-10-01,Austin Aquatics and Sports Academy,2
2013-10-01,AustinSeventyOne,1
2013-10-01,Butler Family Partnership,1
2013-10-01,C and G Ventures,1
2013-10-01,Cameron and Killingsworth- Pflugerville 292,1
2013-10-01,County Line,2
2013-10-01,Crescent Recourses,1
2013-10-01,Fifth Generation Tasting,1
2013-10-01,First Hartford Realty,2
2013-10-01,Harrod Properties,1
2013-10-01,Heiser Development,1
2013-10-01,JMI,1
2013-10-01,John Kleas,1
2013-10-01,Koontz-McCombs,1
2013-10-01,Life Austin,1
2013-10-01,Lyda Family Trust,2
2013-10-01,McShane Development,1
2013-10-01,Milestone Community Builders,2
2013-10-01,Morgan Group,2
2013-10-01,Neal Richards Group,1
2013-10-01,Reagan National Advertising,1
2013-10-01,Regents School of Austin,2
2013-10-01,Sage South Shore,2
2013-10-01,Sawtooth Development Group,1
2013-10-01,St. Michael's Episcopal Church,1
2013-10-01,Standard Pacific of Texas,1
2013-10-01,Stonelake Capital Partners,1
2013-10-01,Stratford Land,2
2013-10-01,Street Lights Residential,1
2013-10-01,"Stutzman, Bromberg, Esserman and Plifka",1
2013-10-01,Sunshine Camp,1
2013-10-01,Sutton Company,1
2013-10-01,Taurus of Texas GP,1
2013-10-01,Texas Bar and Nightclub Alliance,1
2013-10-01,The Dinerstein Companies,1
2013-10-01,William Archer,1
2013-10-01,thinkEAST,1
2013-10-07,AT&T,20
2013-10-07,Balcones Resources,3
2013-10-07,Butler Park Pitch and Putt,1
2013-10-07,Hopper Communities,1
2013-10-07,Ledcor Properties Company,3
2013-10-07,Lincoln Property Company,3
2013-10-07,Mark Cathcart,3
2013-10-07,Oden Hughes,3
2013-10-07,Perry Estates,3
2013-10-07,Peyton Riley No. 3,3
2013-10-07,Presidium Group,2
2013-10-07,Sackmann Enterprises,3
2013-10-07,Techridge Spectrum B.C.,3
2013-10-07,Texas Research International,3
2013-10-08,3 Point Partners,1
2013-10-08,AMD,1
2013-10-08,AT&T,21
2013-10-08,Armbrust and Brown,1
2013-10-08,Balcones Resources,4
2013-10-08,CCARE,1
2013-10-08,Circuit of the Americas,1
2013-10-08,Cirrus Logic,2
2013-10-08,Cypress Realty,1
2013-10-08,Endeavor Real Estate Group,1
2013-10-08,HDR,1
2013-10-08,InSinkErator,1
2013-10-08,MWH Constructors,1
2013-10-08,McShane Development,2
2013-10-08,Neal Richards Group,2
2013-10-08,North Austin MUD No. 1,2
2013-10-08,Simon Property Group,1
2013-10-08,Skanska,1
2013-10-08,Solair Direct,1
2013-10-08,Southside Wrecker,1
2013-10-08,Southwest Securities,1
2013-10-08,Texas Special Events Alliance,1
2013-10-08,Tokyo Electron America,1
2013-10-08,Wal-Mart,1
2013-10-08,Walter A. DeRoeck,1
2013-10-08,Water Control Irrigation District # 10,1
2013-10-08,Wells Branch MUD,1
2013-10-08,West Austin Youth Association,1
2013-10-28,6ixth Street Austin,1
2013-10-28,American Campus Communities,1
2013-10-28,Amplify Federal Credit Union,1
2013-10-28,Austin Fairchild Management,1
2013-10-28,MBC Engineers,1
2013-10-28,MPVI,1
2013-11-07,Pyramis Global Advisors Holdings,3
2013-12-20,183 BLW,1
2013-12-20,4800 Friedrich Lane,1
2013-12-20,Accelerator Holdings,1
2013-12-20,Amstar Group,2
2013-12-20,Aspen Properties,1
2013-12-20,Austin Achieve,1
2013-12-20,Austin Baptist Church,1
2013-12-20,Austin Board of Realtors,1
2013-12-20,Austin Quality Schools Collaborative,1
2013-12-20,Austin Restaurant Association,1
2013-12-20,AutoReturn,1
2013-12-20,AvalonPark Texas,1
2013-12-20,Blenheim,1
2013-12-20,Bob Gregory,1
2013-12-20,Brock Consulting Group,1
2013-12-20,CRV Shoreline,1
2013-12-20,CST Brands,1
2013-12-20,CWS Capital Partners,1
2013-12-20,Capital Commercial Investments,1
2013-12-20,Capridge Partners,1
2013-12-20,Carma Texas,1
2013-12-20,Charles Dorrance,1
2013-12-20,Christopher Slover,1
2013-12-20,Circuit of the Americas,2
2013-12-20,Cirrus Logic,3
2013-12-20,Concordia University,1
2013-12-20,Creek 620,1
2013-12-20,Crescent 210 Barton Springs,1
2013-12-20,"Cullen, John",1
2013-12-20,Cypress Realty,5
2013-12-20,David and Suzanne Booth,1
2013-12-20,Deborah and Gary Attal,1
2013-12-20,Dwyer Realty Companies,9
2013-12-20,EHB Companies,1
2013-12-20,Endeavor Real Estate Group,2
2013-12-20,Episcopal Theological Seminary of the Southwest,1
2013-12-20,Eric Reddehase,1
2013-12-20,Flextronics,1
2013-12-20,Forestar Real Estate Group,1
2013-12-20,Four Seasons Hotel,1
2013-12-20,G5 Investments,1
2013-12-20,Gables Residential,1
2013-12-20,Gene Burris,1
2013-12-20,General Investment and Development,1
2013-12-20,Glenn Jackson,1
2013-12-20,Goodstone,1
2013-12-20,Google,1
2013-12-20,H-E-B,1
2013-12-20,HPI Real Estate and Services Investment,1
2013-12-20,HSD Lakeway Holdings,1
2013-12-20,Highland Management,17
2013-12-20,Hughes Capital Management,1
2013-12-20,Hyde Park Baptist Church,1
2013-12-20,IDEA Public Schools,1
2013-12-20,James Schneider,1
2013-12-20,Jeffery C. Garvey,1
2013-12-20,Jewish Community Association of Austin,1
2013-12-20,Jim Gallegos,1
2013-12-20,KIPP Austin Public School,1
2013-12-20,Linda Moody,1
2013-12-20,Liz Lambert,1
2013-12-20,Magellan Development Group,1
2013-12-20,Magnolia Montessori for all,1
2013-12-20,Majestic Realty,1
2013-12-20,Makar Properties,1
2013-12-20,"McCullough, Todd",1
2013-12-20,Meredith Family Revocable Trust,1
2013-12-20,"Nelson, Brad",1
2013-12-20,North Austin MUD No. 1,3
2013-12-20,Onion Associates,1
2013-12-20,Orangestone Bluegrass,1
2013-12-20,P&S Investments I,1
2013-12-20,Qualico,1
2013-12-20,REIT Management,1
2013-12-20,REIT Management and Research,1
2013-12-20,Radisson Hotel,1
2013-12-20,Randy Wilson,1
2013-12-20,"Rice, Robert",1
2013-12-20,Riddell Family,1
2013-12-20,Riverside Resources,17
2013-12-20,Robert Schmidt,1
2013-12-20,Robinson Ranch,1
2013-12-20,Ryan Street and Associates,1
2013-12-20,Safeway,1
2013-12-20,Scott Sayers,1
2013-12-20,Seton Healthcare,2
2013-12-20,"Shapiro, Bobby and Jim",1
2013-12-20,Speakeasy,1
2013-12-20,Speedy Stop,1
2013-12-20,St. Andrew's Episcopal School,1
2013-12-20,Stream Realty,1
2013-12-20,Stubb's Austin Restaurant Company,1
2013-12-20,T. Stacy and Associates,1
2013-12-20,TR Vista Preserve,1
2013-12-20,Tanglewood Forest Limited District,1
2013-12-20,Taylor Morrison,1
2013-12-20,The Brohn Group,3
2013-12-20,The Charter School Fund,1
2013-12-20,The Dovetail Companies,1
2013-12-20,The Gottesman Company,1
2013-12-20,The Kucera Companies,1
2013-12-20,The NRP Group,1
2013-12-20,The University of Texas System,1
2013-12-20,Tierra Concepts,1
2013-12-20,Trudy's Texas Star,1
2013-12-20,Urban Outfitters,1
2013-12-20,Vivo Hospitality,1
2013-12-20,W and G Partnership,1
2013-12-20,Walton International Group,1
2013-12-20,Walton Stacy Partners,4
2013-12-20,Westbank Community Library District,1
2013-12-20,White Lodging Services,1
2013-12-20,"Wilkerson, Eric",1
2013-12-20,"Wilkinson, Julia Matthews",1
2014-01-03,1219 South Lamar Venture,3
2014-01-03,5453 Burnet Park Venture,5
2014-01-03,Alliance Residential,9
2014-01-03,Ardent Residential,8
2014-01-03,Ashton Woods Homes,2
2014-01-03,"Austin American-Statesman,",9
2014-01-03,Austin Chronicle,9
2014-01-03,"Ayers, Robert A.",8
2014-01-03,Bread and Circus,8
2014-01-03,"Champion, Josie, Juanita Meier and Mary Margaret Roberson",3
2014-01-03,Constructive Ventures,10
2014-01-03,Coover and Coover,8
2014-01-03,"Coover, David M. Jr.",8
2014-01-03,Cypress Realty,6
2014-01-03,Film Society of Austin,9
2014-01-03,Finley Company,8
2014-01-03,HRI Development,10
2014-01-03,Highland Management,17
2014-01-03,"Hillin Jr., Robert",8
2014-01-03,"International Bank of Commerce, Laredo, Texas",10
2014-01-03,Jack Brown Family III,7
2014-01-03,KB Home Lone Star,2
2014-01-03,Kitchell Development,10
2014-01-03,Lampting,8
2014-01-03,Lica Pinkston,8
2014-01-03,"Logan, Ellen Anderson",8
2014-01-03,"Lorenz, Perry",8
2014-01-03,Met Center,18
2014-01-03,Riverside Resources,5
2014-01-03,"Riverside Resources Investments, Limited",2
2014-01-03,"Rodriguez, Robert A.",9
2014-01-03,SXSW,20
2014-01-03,Scarbrough Ventures,7
2014-01-03,South IH-35 Investors,10
2014-01-03,St. David's Healthcare Center,1
2014-01-03,Stratus Properties,1
2014-01-03,Tantallon Austin Hotel,6
2014-01-03,Taylor Morrison of Texas,7
2014-01-03,Texas Disposal Systems,4
2014-01-03,Troublemaker Studios,9
2014-01-03,Twin Oaks Associates,11
2014-01-03,"Warshaw, Larry",9
2014-01-03,Weekley Homes,6
2014-01-03,"Wong, M.D., Mitchel",9
2014-01-03,Zydeco Development,9
2014-01-07,183 BLW,3
2014-01-07,4800 Friedrich Lane,3
2014-01-07,Accelerator Holdings,3
2014-01-07,Amstar Group,6
2014-01-07,Aspen Properties,3
2014-01-07,Austin Achieve,3
2014-01-07,Austin Baptist Church,3
2014-01-07,Austin Board of Realtors,3
2014-01-07,Austin Quality Schools Collaborative,3
2014-01-07,Austin Restaurant Association,3
2014-01-07,AutoReturn,3
2014-01-07,AvalonPark Texas,3
2014-01-07,Blenheim,3
2014-01-07,Bob Gregory,3
2014-01-07,Brock Consulting Group,3
2014-01-07,CRV Shoreline,3
2014-01-07,CST Brands,3
2014-01-07,CWS Capital Partners,3
2014-01-07,Capital Commercial Investments,3
2014-01-07,Capridge Partners,3
2014-01-07,Carma Texas,3
2014-01-07,Charles Dorrance,3
2014-01-07,Christopher Slover,3
2014-01-07,Circuit of the Americas,4
2014-01-07,Cirrus Logic,5
2014-01-07,Concordia University,3
2014-01-07,Creek 620,3
2014-01-07,Crescent 210 Barton Springs,3
2014-01-07,"Cullen, John",3
2014-01-07,Cypress Realty,14
2014-01-07,David and Suzanne Booth,3
2014-01-07,Deborah and Gary Attal,3
2014-01-07,Dwyer Realty Companies,3
2014-01-07,EHB Companies,3
2014-01-07,Endeavor Real Estate Group,4
2014-01-07,Episcopal Theological Seminary of the Southwest,3
2014-01-07,Eric Reddehase,3
2014-01-07,Flextronics,3
2014-01-07,Forestar Real Estate Group,3
2014-01-07,Four Seasons Hotel,3
2014-01-07,G5 Investments,3
2014-01-07,Gables Residential,3
2014-01-07,Gene Burris,3
2014-01-07,General Investment and Development,3
2014-01-07,Glenn Jackson,3
2014-01-07,Goodstone,3
2014-01-07,Google,3
2014-01-07,H-E-B,3
2014-01-07,HPI Real Estate and Services Investment,3
2014-01-07,HSD Lakeway Holdings,3
2014-01-07,Highland Management,15
2014-01-07,Hughes Capital Management,3
2014-01-07,Hyde Park Baptist Church,3
2014-01-07,IDEA Public Schools,3
2014-01-07,James Schneider,3
2014-01-07,Jeffery C. Garvey,3
2014-01-07,Jewish Community Association of Austin,3
2014-01-07,Jim Gallegos,3
2014-01-07,KIPP Austin Public School,3
2014-01-07,Linda Moody,3
2014-01-07,Liz Lambert,3
2014-01-07,Magellan Development Group,3
2014-01-07,Magnolia Montessori for all,3
2014-01-07,Majestic Realty,2
2014-01-07,Makar Properties,3
2014-01-07,"McCullough, Todd",3
2014-01-07,Meredith Family Revocable Trust,3
2014-01-07,"Nelson, Brad",3
2014-01-07,North Austin MUD No. 1,5
2014-01-07,Onion Associates,3
2014-01-07,Orangestone Bluegrass,3
2014-01-07,P&S Investments I,3
2014-01-07,Qualico,3
2014-01-07,REIT Management,3
2014-01-07,REIT Management and Research,3
2014-01-07,Radisson Hotel,3
2014-01-07,Randy Wilson,3
2014-01-07,"Rice, Robert",3
2014-01-07,Riddell Family,3
2014-01-07,Riverside Resources,4
2014-01-07,Robert Schmidt,3
2014-01-07,Robinson Ranch,3
2014-01-07,Ryan Street and Associates,3
2014-01-07,Safeway,3
2014-01-07,Scott Sayers,3
2014-01-07,Seton Healthcare,4
2014-01-07,"Shapiro, Bobby and Jim",3
2014-01-07,Speakeasy,3
2014-01-07,Speedy Stop,3
2014-01-07,St. Andrew's Episcopal School,3
2014-01-07,Stream Realty,3
2014-01-07,Stubb's Austin Restaurant Company,3
2014-01-07,T. Stacy and Associates,3
2014-01-07,TR Vista Preserve,3
2014-01-07,Tanglewood Forest Limited District,3
2014-01-07,Taylor Morrison of Texas,4
2014-01-07,The Brohn Group,5
2014-01-07,The Charter School Fund,3
2014-01-07,The Dovetail Companies,3
2014-01-07,The Gottesman Company,3
2014-01-07,The Kucera Companies,3
2014-01-07,The NRP Group,3
2014-01-07,The University of Texas System,3
2014-01-07,Tierra Concepts,3
2014-01-07,Trudy's Texas Star,3
2014-01-07,Urban Outfitters,3
2014-01-07,Vivo Hospitality,3
2014-01-07,W and G Partnership,3
2014-01-07,Walton International Group,3
2014-01-07,Walton Stacy Partners,12
2014-01-07,Westbank Community Library District,3
2014-01-07,White Lodging Services,3
2014-01-07,"Wilkerson, Eric",3
2014-01-07,"Wilkinson, Julia Matthews",3
2014-01-08,183 BLW,4
2014-01-08,EMSO Partners Limited,1
2014-01-08,Google,4
2014-01-08,Meritage Homes of Texas,1
2014-01-08,Texas Disposal Systems,2
2014-01-08,Walton International Group,4
2014-01-09,Arnold Oil,2
2014-01-09,Aspen Heights,1
2014-01-09,Austin Diagnostic Clinic,4
2014-01-09,Austin Fairchild Management,2
2014-01-09,Butler Family Partnership,2
2014-01-09,CWS,3
2014-01-09,Cardinal Paragon,1
2014-01-09,Cousins Properties,3
2014-01-09,Dean and Andrea McWilliams,1
2014-01-09,EMSO Partners Limited,2
2014-01-09,Eureka Holdings,1
2014-01-09,Google,5
2014-01-09,Grayco Partners,2
2014-01-09,H-E-B,5
2014-01-09,Hixon Properties,3
2014-01-09,Manchester Financial Group,3
2014-01-09,Mobile Loaves and Fishes,1
2014-01-09,Post Paggi,7
2014-01-09,ROI Entertainment,1
2014-01-09,Republic Services of Austin,1
2014-01-09,Rip Miller,1
2014-01-09,Simmons Vedder Partners,2
2014-01-09,Simon Property Group,3
2014-01-09,Songhai Ventures,1
2014-01-09,Spear Street Capital,1
2014-01-09,Starwood Capital Group,1
2014-01-09,Stratus Properties,3
2014-01-09,TCMUD #4,1
2014-01-09,Transwestern Commercial,2
2014-01-09,Trinsic Residential Group,2
2014-01-09,Vista Property Company,1
2014-01-09,Walters Southwest,3
2014-01-13,Catellus Commercial Group,1
2014-01-13,Cogent Info Tech,4
2014-01-13,Delaware North Companies/Travel Hospitality Services,1
2014-01-13,"General Aviation Avenue, LLc",1
2014-01-13,Kayne Capital,1
2014-01-13,Raptor Air,1
2014-01-13,Scott Airport Property,1
2014-01-16,Austin Achieve,4
2014-01-16,Austin Quality Schools Collaborative,4
2014-01-16,Barshop and Oles Company,1
2014-01-16,Cypress Realty,15
2014-01-16,David and Suzanne Booth,4
2014-01-16,Dwyer Realty Companies,4
2014-01-16,Forestar Real Estate Group,4
2014-01-16,Lennar Homes,1
2014-01-16,Magnolia Montessori for all,4
2014-01-16,REIT Management and Research,4
2014-01-16,Radisson Hotel,4
2014-01-16,Robinson Ranch,4
2014-01-16,Seton Healthcare,5
2014-01-16,Simon Property Group,4
2014-01-16,Southern Company,1
2014-01-16,TRT Holdings,1
2014-01-16,Texas 1836 -- EB5,1
2014-01-16,Titan Capital Investment Group,1
2014-01-31,Real Estate Council of Austin,8
2014-02-03,Austin Film Studios,1
2014-02-03,Boot Man,1
2014-02-03,BusGuard,1
2014-02-03,PEC Pedernales Electric Cooperative,1
2014-02-03,Republic Services,1
2014-02-03,Southwest Strategies Group,1
2014-02-03,Stratus Properties,4
2014-02-03,Winstead,1
2014-02-12,El Rey Network,4
2014-02-19,Pyramis Global Advisors Holdings,4
2014-03-10,Denison Development,3
2014-03-10,Pohl Partners,3
2014-03-10,UMLAUF Sculpture Gardens and Museum,3
2014-03-13,Austin Country Club,2
2014-03-13,Austin Green Cab,2
2014-03-13,Brent and Jennifer Cardwell,2
2014-03-13,Energy AP,2
2014-03-13,Ranger Excavating,2
2014-03-13,Trinity Insurance Group,1
2014-03-31,1210 Barton Springs Road Venture,1
2014-03-31,Bennet Partners,1
2014-03-31,CBAL Whitecrowe,2
2014-03-31,Colina West Real Estate,2
2014-03-31,Colonnetta Family,2
2014-03-31,Congress Avenue Baptist Church,2
2014-03-31,Covered Bridge,2
2014-03-31,Covered Bridge Assisted Living,2
2014-03-31,Dalton Mueller,1
2014-03-31,David Honeycutt,2
2014-03-31,GST Hermanas Land and Cattle,2
2014-03-31,Greif Yount Partnership,1
2014-03-31,Harmony Cottages,2
2014-03-31,Horse Thief Hollow,2
2014-03-31,Houston 6000 Bissonnet,1
2014-03-31,JEAE Family Ltd. Partnership,1
2014-03-31,Jeff Blatt,2
2014-03-31,Jett Abraham,1
2014-03-31,Jose and Gloria Perez,1
2014-03-31,Kucera Management/Ted Mecklin,2
2014-03-31,MB 26 Properties,2
2014-03-31,Marval Property Investments,1
2014-03-31,Met Center,20
2014-03-31,Milestone Community Builders,4
2014-03-31,Mustaquali Momin/Thaxton Properties,1
2014-03-31,NB 26 Properties,1
2014-03-31,North I-35 Business Park,2
2014-03-31,PPF AMLI covered Bridge Drive,2
2014-03-31,PRJ Development,1
2014-03-31,Quest Tower View,2
2014-03-31,Rick Sheldon Real Estate,2
2014-03-31,Riverside Homes/Scott Turner,2
2014-03-31,SFSV Hill,1
2014-03-31,Sheahan Business Center,1
2014-03-31,Tan Min Ho,1
2014-03-31,Tomlinson's Feed and Pets,2
2014-03-31,Twin Liquors,4
2014-03-31,Vegas Properties I,2
2014-03-31,Vijay Patel,2
2014-03-31,Wagwater Partners,2
2014-03-31,Zydeco Development,8
2014-04-21,Redflex Guardian,4
2014-04-21,Redflex Traffic Systems,4
2014-04-24,Austin Apartment Association,4
2014-04-24,Buie and Co.,2
2014-04-24,City of Dripping Springs,2
2014-04-24,Conley Sports,2
2014-04-24,Friends of Lake Austin,2
2014-04-24,HDR,3
2014-04-24,InSinkErator,3
2014-04-24,Lyft,2
2014-04-24,Perry Estates,5
2014-04-24,RedLeaf Properties,3
2014-04-24,Ryan Companies,2
2014-04-24,SELTEX,2
2014-04-24,Thinkery,2
2014-04-24,Trail Foundation,2
2014-04-25,2208 Lake Austin,1
2014-04-25,408 Sterzing,2
2014-04-25,720 Lamar Place,2
2014-04-25,AECOM,2
2014-04-25,AXF Development,1
2014-04-25,Anthony George,2
2014-04-25,Antolin Aguirre,2
2014-04-25,Atlantic Housing Foundation,2
2014-04-25,Austin Board of Realtors,5
2014-04-25,Austin Elm Terrace LP,2
2014-04-25,Austin Renaissance,2
2014-04-25,Berns Commercial Properties,2
2014-04-25,Bill and Kathy Darling,2
2014-04-25,Bouldin Creek Neighborhood Association,2
2014-04-25,Bounce Marketing and Events,1
2014-04-25,Brazos Masonry,2
2014-04-25,Brigid Cockrum,2
2014-04-25,Bunkhouse Management,2
2014-04-25,Carollo Engineers,2
2014-04-25,Cary and Cynthia Reynolds,2
2014-04-25,Central Health,3
2014-04-25,Charmeleon Group,2
2014-04-25,Chereen Fisher,2
2014-04-25,Circuit of the Americas,6
2014-04-25,Colony Park Neighborhood Association,2
2014-04-25,Continental Cars,2
2014-04-25,Davenport Ranch Neighborhood Assoc.,2
2014-04-25,David McMahan,2
2014-04-25,Eanes Community Alliance,2
2014-04-25,Edward Lopez,1
2014-04-25,Eureka Holdings,3
2014-04-25,Fineline Diversified Developement,2
2014-04-25,Flemtex Properties,2
2014-04-25,Forestar Real Estate Group,6
2014-04-25,Freedom Carwash,2
2014-04-25,Gemini Solar Development,2
2014-04-25,Greater Austin Transportation Co. (Yellow Cab),2
2014-04-25,Greystone Multifamily Builders,2
2014-04-25,Greystone Steiner Associates,2
2014-04-25,Grubb and Ellis Realty Investors,2
2014-04-25,Heritage Neighborgood Association,2
2014-04-25,"Highland Park West, Limited",2
2014-04-25,HomeAway,2
2014-04-25,"Howard and Howard Attorneys, PLLC",2
2014-04-25,Hudgins Apartment Development,2
2014-04-25,Husch Blackwell,1
2014-04-25,Insurance Auto Auctions,2
2014-04-25,JLB Realty,2
2014-04-25,James Jard,2
2014-04-25,Jeremiah Venture,2
2014-04-25,Jerry Bell,2
2014-04-25,"Joseph Liemandt, Andra Liemandt",2
2014-04-25,Kailey Development Partners,2
2014-04-25,Kevin Tarr,2
2014-04-25,Koontz-McCombs,3
2014-04-25,LDG Norwood,2
2014-04-25,Lampros Moumouris,2
2014-04-25,Lippincott Capital,2
2014-04-25,Lyft,3
2014-04-25,MTG Management,2
2014-04-25,Marcus Whitfield,1
2014-04-25,McAdams Enterprises,1
2014-04-25,Mill Creek Residential Trust,2
2014-04-25,Navid Hoomanrad,1
2014-04-25,Oxford Alliance Investments,2
2014-04-25,Pacifica Host Hotels,2
2014-04-25,Paz Doty,1
2014-04-25,Peter Gilcrease,2
2014-04-25,Plaza Lofts,2
2014-04-25,Prevarian Hospital Partners,2
2014-04-25,Radec Management,2
2014-04-25,Reagan National Advertising,3
2014-04-25,Riverside Resources,6
2014-04-25,Robert Rock,1
2014-04-25,Saleem Tawill,2
2014-04-25,Sandstone Ventures,2
2014-04-25,Sohil Momin,2
2014-04-25,South River City Citizens Associations,1
2014-04-25,Stephen Melchiode,2
2014-04-25,Steve Greenberg,4
2014-04-25,Stuart Thomajan,2
2014-04-25,Synagro-WWT,1
2014-04-25,TX RR620 Apartments,2
2014-04-25,Taylor Woodrow Communities/Steiner Ranch,2
2014-04-25,Telvending,1
2014-04-25,Texas Capital Bank,2
2014-04-25,The Greystone Group,2
2014-04-25,The NRP Group,5
2014-04-25,The Park at Travis Country COA,2
2014-04-25,Travis Hotel Group,1
2014-04-25,Trilogy Enterprises,2
2014-04-25,V and S Enterprises,2
2014-04-25,Versa Development,2
2014-04-25,Walter B. Eads,2
2014-04-25,Zilker Park Residences Partners,2
2014-04-29,2208 Lake Austin,3
2014-04-29,ATC Outdoor DAS,2
2014-04-29,Austin Elm Terrace LP,4
2014-04-29,D. R. Horton,2
2014-04-29,Dobie Austin (Howard Michaels),2
2014-04-29,El Chile Restaurant Group (Carlos Rivero),2
2014-04-29,ExeNet Systems,2
2014-04-29,"GFD Holdings, LLC (Brandon Bolin)",2
2014-04-29,Schlosser Development (Rick Duggan III),2
2014-04-29,UniSite,1
2014-05-02,Coleman Law Office,2
2014-05-02,Danley Properties,1
2014-05-02,Green Zone Homes,2
2014-05-02,Mr. Tramps Bar and Tavern,2
2014-05-02,PSW Real Estate,2
2014-05-02,Patterson Properties,2
2014-05-02,SolarCity,2
2014-05-02,South Llano Strategies,2
2014-05-02,ZIR Investments,1
2014-05-04,Butler Family Partnership,4
2014-05-04,KEEP Real Estate,2
2014-05-04,Spire Realty,2
2014-05-04,Trinsic Residential Group,4
2014-05-08,Uber Technologies,4
2014-05-15,Uber Technologies,8
2014-06-01,Save Our Springs Alliance,2
2014-06-04,Workers Defense Action Fund,3
2014-06-04,Workers Defense Project,5
2014-06-09,AT&T,22
2014-06-09,Beneplace,1
2014-06-09,CPS Human Resource Services,1
2014-06-09,Cisco Systems,2
2014-06-09,HDI Solutions,2
2014-06-09,Halff Associates,2
2014-06-09,Hoar Construction,1
2014-06-09,NEC Corportation of America,1
2014-06-09,Northrop Grumman,2
2014-06-09,Oracle America,2
2014-06-09,Pitney Bowes,2
2014-06-09,RFD and Associates,1
2014-06-09,United Road Towing dba UR Vehicle Management Solutions,2
2014-06-09,Xerox,1
2014-06-25,Ascencion Health,3
2014-06-25,Central Health,4
2014-06-25,Lone Star Rail,1
2014-06-25,Strategic Partnerships,3
2014-06-27,2208 Lake Austin,4
2014-06-27,408 Sterzing,3
2014-06-27,720 Lamar Place,3
2014-06-27,AECOM,3
2014-06-27,Anthony George,3
2014-06-27,Antolin Aguirre,3
2014-06-27,Atlantic Housing Foundation,3
2014-06-27,Austin Board of Realtors,6
2014-06-27,Berns Commercial Properties,3
2014-06-27,Bouldin Creek Neighborhood Association,3
2014-06-27,Brazos Masonry,3
2014-06-27,Bunkhouse Management,3
2014-06-27,Carollo Engineers,3
2014-06-27,Cary and Cynthia Reynolds,3
2014-06-27,Charmeleon Group,3
2014-06-27,Chereen Fisher,3
2014-06-27,Circuit of the Americas,7
2014-06-27,Colony Park Neighborhood Association,3
2014-06-27,Continental Cars,3
2014-06-27,Davenport Ranch Neighborhood Assoc.,3
2014-06-27,David McMahan,3
2014-06-27,Eanes Community Alliance,3
2014-06-27,Eureka Holdings,4
2014-06-27,Fineline Diversified Developement,3
2014-06-27,Flemtex Properties,3
2014-06-27,Forestar Real Estate Group,7
2014-06-27,Freedom Carwash,3
2014-06-27,Gemini Solar Development,3
2014-06-27,Greystone Multifamily Builders,3
2014-06-27,Greystone Steiner Associates,3
2014-06-27,Grubb and Ellis Realty Investors,3
2014-06-27,Heritage Neighborgood Association,3
2014-06-27,"Highland Park West, Limited",3
2014-06-27,HomeAway,3
2014-06-27,"Howard and Howard Attorneys, PLLC",3
2014-06-27,Insurance Auto Auctions,3
2014-06-27,JLB Realty,3
2014-06-27,James Jard,3
2014-06-27,Jeremiah Venture,3
2014-06-27,Jerry Bell,3
2014-06-27,"Joseph Liemandt, Andra Liemandt",3
2014-06-27,Kailey Development Partners,3
2014-06-27,Kevin Tarr,3
2014-06-27,LDG Norwood,3
2014-06-27,Lampros Moumouris,3
2014-06-27,Lippincott Capital,3
2014-06-27,Lost Creek Neighborhood Assoc,1
2014-06-27,MTG Management,3
2014-06-27,McAdams Enterprises,2
2014-06-27,Mill Creek Residential Trust,3
2014-06-27,Navid Hoomanrad,2
2014-06-27,Oxford Alliance Investments,3
2014-06-27,Pacifica Host Hotels,3
2014-06-27,Paz Dhody,1
2014-06-27,Peter Gilcrease,3
2014-06-27,Prevarian Hospital Partners,3
2014-06-27,Radec Management,3
2014-06-27,Reagan National Advertising,4
2014-06-27,Riverside Resources,7
2014-06-27,Sandstone Ventures,3
2014-06-27,Sohil Momin,3
2014-06-27,Stephen Melchiode,3
2014-06-27,Steve Greenberg,5
2014-06-27,Stuart Thomajan,3
2014-06-27,Taylor Woodrow Communities/Steiner Ranch,3
2014-06-27,Telvending,2
2014-06-27,Texas Capital Bank,3
2014-06-27,The Greystone Group,3
2014-06-27,The NRP Group,6
2014-06-27,The Park at Travis Country COA,3
2014-06-27,Travis Hotel Group,2
2014-06-27,Trilogy Enterprises,3
2014-06-27,V and S Enterprises,3
2014-06-27,Versa Development,3
2014-06-27,Walter B. Eads,3
2014-06-27,Zilker Park Residences Partners,3
2014-07-01,Fremont Holdings,2
2014-07-01,Greater Mt. Zion Baptist Church,2
2014-07-01,Sackmann Enterprises,6
2014-07-01,Wal-Mart,4
2014-07-09,16 Piggybank,2
2014-07-09,2208 Lake Austin,5
2014-07-09,Alexa Management,1
2014-07-09,Artesia Real Estate,1
2014-07-09,Aspen Heights,3
2014-07-09,Austin Diagnostic Clinic,5
2014-07-09,Butler Family Interests,2
2014-07-09,Catalyst Acquisitions and Development Grp,1
2014-07-09,Circle C Homeowners Association,2
2014-07-09,Cousins Properties,3
2014-07-09,ECC Commercial,1
2014-07-09,Grayco Partners,3
2014-07-09,Honokea Surf Parks,1
2014-07-09,JLM Financial Investments,1
2014-07-09,KEEP Real Estate,3
2014-07-09,"Radtke, Lorin",1
2014-07-09,Republic Services of Austin,2
2014-07-09,Senior Quality Lifestyles,1
2014-07-09,Spire Realty,4
2014-07-09,Stoltz Management,1
2014-07-09,Transwestern Commercial,4
2014-07-09,Trinsic Residential Group,4
2014-07-09,Walters Southwest,3
2014-07-18,A and M Option 541,2
2014-07-18,Austin Apartment Association,5
2014-07-18,"Coats, Rose, Yale, Ryman and Lee",2
2014-07-18,KB Home Lone Star,3
2014-07-18,KJC Auto Title Loan Corp.,1
2014-07-18,RKS Texas Investments,3
2014-07-23,PSW Real Estate,5
2014-08-01,620/183,1
2014-08-01,AJHSCCM,1
2014-08-01,AVG Partners,1
2014-08-01,Art at Bratton's Edge,1
2014-08-01,Austin Board of Realtors,11
2014-08-01,Canchola and Hyde Productions,1
2014-08-01,Castle Hill Management,1
2014-08-01,Century Land Holdings II,1
2014-08-01,Cirrus Logic,5
2014-08-01,Community Sun,1
2014-08-01,Cummings-Baccus,1
2014-08-01,Dessau Howard,1
2014-08-01,Endeavor Real Estate Group,5
2014-08-01,Essex and Delancey,1
2014-08-01,HTK Development,1
2014-08-01,JP Morgan Chase Bank,1
2014-08-01,Johnson Four Corners,1
2014-08-01,LTBS 2222,1
2014-08-01,La V Restaurant,1
2014-08-01,Makar Development - Waters Edge,1
2014-08-01,Michael J. McGinnis,1
2014-08-01,Neans Investments,1
2014-08-01,Pearson Place at Avery Ranch,1
2014-08-01,Pulte Homes of Texas,1
2014-08-01,Richard Hardin,1
2014-08-01,Sheffield Partners,1
2014-08-01,Simmons Vedder Partners,3
2014-08-01,Suzanne Snyder,1
2014-08-01,Texas Star Brands,1
2014-08-01,The City School,1
2014-08-01,The Stratford Company,1
2014-08-01,Thomas Southwest,1
2014-08-01,Toria and Blake English,1
2014-08-01,Velocity Park I,1
2014-08-01,Vinson Radke Investments,1
2014-08-01,Waterloo Development,1
2014-08-01,ZFB,1
2014-08-05,Lone Star Rail,4
2014-08-20,1000 E. 6th,3
2014-08-20,A.J. Messer Construction Co.,3
2014-08-20,ARC Matthew McMahon,3
2014-08-20,AT&T,15
2014-08-20,Affinity Homes Bob Rue,3
2014-08-20,Aqua Builders Ebbn Milks,3
2014-08-20,Ashley Amini,3
2014-08-20,Aupperle Co.,3
2014-08-20,Austin Housing Authority,3
2014-08-20,Bailey Elliott Construction Co.,3
2014-08-20,"Barlin, Peter",2
2014-08-20,Boat Town Clayton Raven,3
2014-08-20,Brian Bailey Homes,3
2014-08-20,Bryan Hardeman,3
2014-08-20,Car Tex Engineers Gary Jones,3
2014-08-20,Dana Copp Builder,3
2014-08-20,David Davidson,3
2014-08-20,David Morrison,1
2014-08-20,David Wilkes Bldrs,3
2014-08-20,Dr. Pejman Khosravian,1
2014-08-20,Dupont Group Rick Dupont,3
2014-08-20,East Side Tree House Erik Olson,3
2014-08-20,Ford Smith Jr.,3
2014-08-20,Freytag Florist,3
2014-08-20,Journeyman Construction,3
2014-08-20,Karen Browning,3
2014-08-20,Kenneth Gorence,3
2014-08-20,"Khosravian, Dr. Pejman",2
2014-08-20,Lewis Sign Builders,3
2014-08-20,Live Nations Eddie Hudson,3
2014-08-20,MS General Contractors,3
2014-08-20,Maderone Ventures,3
2014-08-20,"Mikhail, Sam",2
2014-08-20,Miller Uniform,3
2014-08-20,Montana Builders,3
2014-08-20,"Morrison, David",2
2014-08-20,Peter Barlin,1
2014-08-20,SNAP Set,3
2014-08-20,Sam Kumar 9th and Red River,3
2014-08-20,Sam Mikhail,1
2014-08-20,Shirley Vega,3
2014-08-20,Streamline Commercial Contractors,3
2014-08-20,Tabernacle Apostolic Church,3
2014-08-20,Televending,3
2014-08-20,Terry Laney,3
2014-08-20,Texas Construction,3
2014-08-20,Turnkey Cap. Group,3
2014-08-20,WEHBE Properties,3
2014-08-20,WLP Architect Bill Perkins,3
2014-08-20,Will Bridges,3
2014-08-29,Artesia Real Estate,2
2014-08-29,Cousins Properties,4
2014-08-29,Grayco Partners,4
2014-08-29,Honokea Surf Parks,2
2014-08-29,JLM Financial Investments,2
2014-08-29,Manchester Financial Group,3
2014-08-29,Republic Services of Austin,3
2014-08-29,Senior Quality Lifestyles,2
2014-08-29,Spire Realty,5
2014-08-29,Stratus Properties,5
2014-08-29,Transwestern Commercial,5
2014-08-29,Walters Southwest,4
2014-09-02,HNTB,2
2014-09-04,A and M Option 541,3
2014-09-04,Austin Apartment Association,6
2014-09-04,Brady Ohman,2
2014-09-04,Braker Valley,2
2014-09-04,Buffalo Equities,2
2014-09-04,"Coats, Rose, Yale, Ryman and Lee",3
2014-09-04,GHI Partners,2
2014-09-04,Kam Kronenberg,2
2014-09-04,Kenneth Marx,1
2014-09-04,RKS Texas Investments,3
2014-09-04,Red Bluff Partners,1
2014-09-04,The Brohn Group,5
2014-09-25,American Heart Association,3
2014-09-25,The First Tee Greater Austin,3
2014-10-02,American Heart Association,6
2014-10-02,Behringer Harvard,2
2014-10-02,County Line,1
2014-10-02,First Hartford Realty,2
2014-10-02,Life Austin,2
2014-10-02,Lyda Family Trust,2
2014-10-02,Neal Richards Group,3
2014-10-02,Regents School of Austin,2
2014-10-02,Springdale Farms,2
2014-10-02,Standard Pacific of Texas,1
2014-10-02,Stratford Land,2
2014-10-02,Street Lights Residential,2
2014-10-02,Sutton Company,2
2014-10-02,Taurus of Texas GP,2
2014-10-02,The Dinerstein Companies,2
2014-10-02,The First Tee Greater Austin,6
2014-10-02,The Hanover Company,2
2014-10-08,American Heart Association,7
2014-10-09,405 Colorado Holdings,1
2014-10-09,6ixth Street Austin,3
2014-10-09,93 Red River Investors,1
2014-10-09,A Stella Dog,1
2014-10-09,AETNA Sign Group,1
2014-10-09,AMS Commercial Real Estate,1
2014-10-09,American Campus Communities,3
2014-10-09,Amplify Federal Credit Union,3
2014-10-09,Austin City Builders,1
2014-10-09,Austin Fairchild Management,4
2014-10-09,Caledonia Properties,2
2014-10-09,Capital Metro,1
2014-10-09,Coppell Building,1
2014-10-09,Duckworth Property Holdings,1
2014-10-09,Embree Asset Group,1
2014-10-09,Emmis Radio Broadcasting Co.,1
2014-10-09,Endeavor Real Estate Group,6
2014-10-09,Equinox,1
2014-10-09,"Gates, Terrell",1
2014-10-09,Home Slice Pizza,1
2014-10-09,KDR Equities,1
2014-10-09,MBC Engineers,3
2014-10-09,Mariposa Montessori,1
2014-10-09,Megabus Southwest,1
2014-10-09,Osten Hall,1
2014-10-09,Pecan Street Association,1
2014-10-09,Pegalo Properties,1
2014-10-09,RJMadden,2
2014-10-09,Street Lights Residential,4
2014-10-09,Wells Fargo,2
2014-10-09,Western Rim Investment Advisors,2
2014-10-14,American Heart Association,8
2014-10-15,AT&T,15
2014-10-15,Balcones Resources,4
2014-10-15,Butler Park Pitch and Putt,3
2014-10-15,Hopper Communities,4
2014-10-15,Ledcor Properties Company,4
2014-10-15,Lincoln Property Company,4
2014-10-15,Mark Cathcart,3
2014-10-15,Oden Hughes,4
2014-10-15,Perry Estates,5
2014-10-15,Peyton Riley No. 3,3
2014-10-15,Sackmann Enterprises,6
2014-10-15,Techridge Spectrum B.C.,4
2014-10-15,Texas Research International,4
2014-10-16,3 Point Partners,2
2014-10-16,AMD,2
2014-10-16,AT&T,17
2014-10-16,Apex Bethel Energy Center,2
2014-10-16,Armbrust and Brown,2
2014-10-16,Balcones Resources,6
2014-10-16,Bury,2
2014-10-16,CCARE,2
2014-10-16,"Cedar Park, TX",2
2014-10-16,Circuit of the Americas,8
2014-10-16,Cirrus Logic,6
2014-10-16,Endeavor Real Estate Group,8
2014-10-16,Freescale,2
2014-10-16,HDR,4
2014-10-16,MWH Constructors,2
2014-10-16,McShane Development,2
2014-10-16,Neal Richards Group,4
2014-10-16,North Austin MUD No. 1,5
2014-10-16,Northtown MUD,2
2014-10-16,Samsung,2
2014-10-16,Southside Wrecker,2
2014-10-16,Spansion,2
2014-10-16,Wal-Mart,5
2014-10-16,Walter A. DeRoeck,2
2014-10-16,Water Control Irrigation District # 10,2
2014-10-16,Wells Branch MUD,2
2014-10-16,West Austin Youth Association,1
2014-10-16,White Lodging Services,5
2014-10-21,Brian Follett,3
2014-10-21,Briley's Upholstery Austin,3
2014-10-21,"Catanoia, Ginny",2
2014-10-21,Enoteca Restaurant,3
2014-10-21,Ginny Catanoia,1
2014-10-21,Little City Properties,3
2014-12-11,Real Estate Council of Austin,14
2014-12-17,Texas Aggregates and Concrete Association,3
2014-12-21,16 Piggybank,3
2014-12-21,Alexa Management,2
2014-12-21,Asian American Cultural Arts Center,1
2014-12-21,Aspen Heights,4
2014-12-21,"Banta, Mark",1
2014-12-21,Behringer Harvard,3
2014-12-21,Butler Family Interests,3
2014-12-21,Diversified Real Estate Group,1
2014-12-21,Eureka Holdings,5
2014-12-21,Inland American Communites,1
2014-12-21,Junior League of Austin,1
2014-12-21,KEEP Real Estate,4
2014-12-21,Legend Communities,1
2014-12-21,Manchester Financial Group,4
2014-12-21,Oden Hughes,5
2014-12-21,Songhai Ventures,2
2014-12-21,Spire Realty,6
2014-12-21,Transwestern Commercial,6
2014-12-21,Walters Southwest,5
2014-12-23,183 BLW,5
2014-12-23,4800 Friedrich Lane,4
2014-12-23,Accelerator Holdings,4
2014-12-23,Amstar Group,8
2014-12-23,Aspen Heights,5
2014-12-23,Aspen Properties,3
2014-12-23,Austin Achieve,5
2014-12-23,Austin Baptist Church,4
2014-12-23,Austin Board of Realtors,12
2014-12-23,Austin Park,1
2014-12-23,Austin Quality Schools Collaborative,5
2014-12-23,Austin Restaurant Association,4
2014-12-23,AutoReturn,4
2014-12-23,AvalonPark Texas,4
2014-12-23,Blenheim,4
2014-12-23,Bob Gregory,3
2014-12-23,Brock Consulting Group,4
2014-12-23,CP II Wild Basin,2
2014-12-23,CRV Shoreline,4
2014-12-23,CST Brands,4
2014-12-23,CWS Capital Partners,4
2014-12-23,Capital Commercial Investments,4
2014-12-23,Capitol City Partners,2
2014-12-23,Capridge Partners,4
2014-12-23,Carma Texas,4
2014-12-23,Charles Dorrance,4
2014-12-23,Chris Pacitti,1
2014-12-23,Christopher Slover,4
2014-12-23,Circuit of the Americas,9
2014-12-23,Cirrus Logic,7
2014-12-23,Colina West Real Estate,4
2014-12-23,Concordia University,4
2014-12-23,Creek 620,4
2014-12-23,Crescent 210 Barton Springs,4
2014-12-23,"Cullen, John",4
2014-12-23,Cypress Realty,18
2014-12-23,Dan Byrne,2
2014-12-23,David Middleton,1
2014-12-23,David and Suzanne Booth,5
2014-12-23,Deborah and Gary Attal,4
2014-12-23,Downtown Austin Alliance,1
2014-12-23,Dwyer Realty Companies,5
2014-12-23,EHB Companies,4
2014-12-23,Endeavor Real Estate Group,9
2014-12-23,Episcopal Theological Seminary of the Southwest,4
2014-12-23,Eric Reddehase,4
2014-12-23,Flextronics,4
2014-12-23,Flux Factory,2
2014-12-23,Forestar Real Estate Group,8
2014-12-23,Four Seasons Hotel,4
2014-12-23,G5 Investments,4
2014-12-23,Gables Residential,4
2014-12-23,"Gallegos, Jim",1
2014-12-23,"Garvey, Jeffery C.",1
2014-12-23,Gene Burris,4
2014-12-23,General Investment and Development,4
2014-12-23,Gerald Kucera,1
2014-12-23,Glenn Jackson,4
2014-12-23,Goodstone,4
2014-12-23,Google,6
2014-12-23,H-E-B,6
2014-12-23,HPI Real Estate and Services Investment,4
2014-12-23,HSD Lakeway Holdings,4
2014-12-23,Harmony Public Schools,2
2014-12-23,Highland Management,16
2014-12-23,Home Away,1
2014-12-23,Hughes Capital Management,4
2014-12-23,Hyde Park Baptist Church,4
2014-12-23,IDEA Public Schools,4
2014-12-23,Inland Group,1
2014-12-23,James Schneider,4
2014-12-23,James Schoenbaum,2
2014-12-23,Jeffery C. Garvey,3
2014-12-23,Jewish Community Association of Austin,4
2014-12-23,Jim Gallegos,3
2014-12-23,KIPP Austin Public School,4
2014-12-23,Linda Moody,4
2014-12-23,Liz Lambert,4
2014-12-23,Magellan Development Group,4
2014-12-23,Magnolia Montessori for all,5
2014-12-23,Majestic Realty,3
2014-12-23,Makar Properties,4
2014-12-23,Manoj Saxena,2
2014-12-23,"McCullough, Todd",4
2014-12-23,Meredith Family Revocable Trust,4
2014-12-23,"Middleton, David",1
2014-12-23,"Nelsen, Brad",1
2014-12-23,"Nelson, Brad",3
2014-12-23,North Austin MUD No. 1,5
2014-12-23,North Austin Municipal Utility District No. 1,1
2014-12-23,Onion Associates,4
2014-12-23,Orangestone Bluegrass,4
2014-12-23,P&S Investments I,4
2014-12-23,"Pacitti, Chris",1
2014-12-23,Qualico,4
2014-12-23,REIT Management,3
2014-12-23,REIT Management and Research,4
2014-12-23,Radisson Hotel,5
2014-12-23,Randy Wilson,4
2014-12-23,"Rice, Robert",4
2014-12-23,Riddell Family,4
2014-12-23,Riverside Resources,8
2014-12-23,Robert Schmidt,4
2014-12-23,Robinson Ranch,5
2014-12-23,Ryan Companies,4
2014-12-23,Ryan Street and Associates,4
2014-12-23,Safeway,4
2014-12-23,Scott Sayers,4
2014-12-23,"Scott, John",1
2014-12-23,Seton Healthcare,5
2014-12-23,"Shapiro, Bobby and Jim",4
2014-12-23,Simon Property Group,5
2014-12-23,Speakeasy,4
2014-12-23,Speedy Stop,4
2014-12-23,St. Andrew's Episcopal School,4
2014-12-23,Stream Realty,4
2014-12-23,Stubb's Austin Restaurant Company,4
2014-12-23,"Success Foods Management, LLC/DBA Torcy's Tacos",1
2014-12-23,T. Stacy and Associates,4
2014-12-23,TR Vista Preserve,4
2014-12-23,"TSVF I, Pecan Park",2
2014-12-23,Tanglewood Forest Limited District,4
2014-12-23,Taylor Morrison,2
2014-12-23,Texas Disposal Systems,3
2014-12-23,The Brohn Group,5
2014-12-23,The Charter School Fund,4
2014-12-23,The Dovetail Companies,4
2014-12-23,The Gottesman Company,4
2014-12-23,The Kucera Companies,4
2014-12-23,The NRP Group,7
2014-12-23,The University of Texas System,4
2014-12-23,Tierra Concepts,4
2014-12-23,Total Wine and More,1
2014-12-23,Trammell Crow Company,2
2014-12-23,Trudy's Texas Star,4
2014-12-23,Urban Outfitters,4
2014-12-23,Vivo Hospitality,4
2014-12-23,W and G Partnership,4
2014-12-23,Walton International Group,5
2014-12-23,Walton Stacy Partners,15
2014-12-23,Westbank Community Library District,4
2014-12-23,White Lodging Services,6
2014-12-23,"Wilkerson, Eric",4
2014-12-23,"Wilkinson, Julia Matthews",4
2015-01-06,183 BLW,9
2015-01-06,4800 Friedrich Lane,8
2015-01-06,Accelerator Holdings,8
2015-01-06,Amstar Group,16
2015-01-06,Aspen Properties,7
2015-01-06,Austin Achieve,9
2015-01-06,Austin Baptist Church,8
2015-01-06,Austin Board of Realtors,16
2015-01-06,Austin Park,3
2015-01-06,Austin Quality Schools Collaborative,9
2015-01-06,Austin Restaurant Association,8
2015-01-06,AutoReturn,8
2015-01-06,AvalonPark Texas,8
2015-01-06,Blenheim,8
2015-01-06,Bob Gregory,5
2015-01-06,Brock Consulting Group,8
2015-01-06,CP II Wild Basin,6
2015-01-06,CRV Shoreline,8
2015-01-06,CST Brands,8
2015-01-06,CWS Capital Partners,8
2015-01-06,Capital Commercial Investments,8
2015-01-06,Capitol City Partners,6
2015-01-06,Capridge Partners,8
2015-01-06,Carma Texas,8
2015-01-06,Charles Dorrance,8
2015-01-06,Chris Pacitti,3
2015-01-06,Christopher Slover,8
2015-01-06,Circuit of the Americas,13
2015-01-06,Cirrus Logic,11
2015-01-06,Colina West Real Estate,8
2015-01-06,Concordia University,8
2015-01-06,Creek 620,8
2015-01-06,Crescent 210 Barton Springs,8
2015-01-06,"Cullen, John",8
2015-01-06,Cypress Realty,33
2015-01-06,Dan Byrne,6
2015-01-06,David Middleton,3
2015-01-06,David and Suzanne Booth,9
2015-01-06,Deborah and Gary Attal,8
2015-01-06,Downtown Austin Alliance,3
2015-01-06,Dwyer Realty Companies,9
2015-01-06,EHB Companies,8
2015-01-06,Endeavor Real Estate Group,13
2015-01-06,Episcopal Theological Seminary of the Southwest,8
2015-01-06,Eric Reddehase,8
2015-01-06,Flextronics,8
2015-01-06,Flux Factory,6
2015-01-06,Forestar Real Estate Group,12
2015-01-06,Four Seasons Hotel,8
2015-01-06,G5 Investments,8
2015-01-06,Gables Residential,8
2015-01-06,"Gallegos, Jim",3
2015-01-06,"Garvey, Jeffery C.",3
2015-01-06,Gene Burris,8
2015-01-06,General Investment and Development,8
2015-01-06,Gerald Kucera,3
2015-01-06,Glenn Jackson,8
2015-01-06,Goodstone,8
2015-01-06,Google,10
2015-01-06,H-E-B,10
2015-01-06,HPI Real Estate and Services Investment,8
2015-01-06,HSD Lakeway Holdings,8
2015-01-06,Harmony Public Schools,6
2015-01-06,Highland Management,8
2015-01-06,Hughes Capital Management,8
2015-01-06,Hyde Park Baptist Church,8
2015-01-06,IDEA Public Schools,8
2015-01-06,Inland Group,3
2015-01-06,James Schneider,8
2015-01-06,James Schoenbaum,6
2015-01-06,Jeffery C. Garvey,5
2015-01-06,Jewish Community Association of Austin,8
2015-01-06,Jim Gallegos,5
2015-01-06,KIPP Austin Public School,8
2015-01-06,Kucera Management/Ted Mecklin,3
2015-01-06,Linda Moody,8
2015-01-06,Liz Lambert,8
2015-01-06,Magellan Development Group,8
2015-01-06,Magnolia Montessori for all,9
2015-01-06,Majestic Realty,7
2015-01-06,Makar Development - Waters Edge,3
2015-01-06,Makar Properties,6
2015-01-06,Manoj Saxena,6
2015-01-06,"McCullough, Todd",8
2015-01-06,Meredith Family Revocable Trust,8
2015-01-06,"Middleton, David",3
2015-01-06,"Nelsen, Brad",3
2015-01-06,"Nelson, Brad",5
2015-01-06,North Austin MUD No. 1,9
2015-01-06,Onion Associates,8
2015-01-06,Orangestone Bluegrass,8
2015-01-06,P&S Investments I,8
2015-01-06,"Pacitti, Chris",3
2015-01-06,Prism,1
2015-01-06,Qualico,8
2015-01-06,REIT Management,7
2015-01-06,REIT Management and Research,6
2015-01-06,Radisson Hotel,9
2015-01-06,Randy Wilson,8
2015-01-06,"Rice, Robert",8
2015-01-06,Riddell Family,8
2015-01-06,Riverside Resources,11
2015-01-06,Robert Schmidt,8
2015-01-06,Robinson Ranch,8
2015-01-06,Ryan Companies,8
2015-01-06,Ryan Street and Associates,8
2015-01-06,Safeway,8
2015-01-06,Scott Sayers,8
2015-01-06,"Scott, John",3
2015-01-06,Seton Healthcare,9
2015-01-06,"Shapiro, Bobby and Jim",8
2015-01-06,Simon Property Group,9
2015-01-06,Speakeasy,8
2015-01-06,Speedy Stop,8
2015-01-06,St. Andrew's Episcopal School,8
2015-01-06,Stream Realty,8
2015-01-06,Stubb's Austin Restaurant Company,8
2015-01-06,"Success Foods Management, LLC/DBA Torcy's Tacos",4
2015-01-06,T. Stacy and Associates,8
2015-01-06,TR Vista Preserve,8
2015-01-06,"TSVF I, Pecan Park",6
2015-01-06,Tanglewood Forest Limited District,8
2015-01-06,Taylor Morrison,4
2015-01-06,Taylor Morrison of Texas,4
2015-01-06,Texas Disposal Systems,4
2015-01-06,The Brohn Group,9
2015-01-06,The Charter School Fund,8
2015-01-06,The Dovetail Companies,8
2015-01-06,The Gottesman Company,7
2015-01-06,The Kucera Companies,8
2015-01-06,The NRP Group,11
2015-01-06,The University of Texas System,8
2015-01-06,Tierra Concepts,8
2015-01-06,Total Wine and More,3
2015-01-06,Trammell Crow Company,6
2015-01-06,Trudy's Texas Star,8
2015-01-06,Urban Outfitters,8
2015-01-06,Vivo Hospitality,8
2015-01-06,W and G Partnership,8
2015-01-06,Walton International Group,9
2015-01-06,Walton Stacy Partners,31
2015-01-06,Westbank Community Library District,8
2015-01-06,White Lodging Services,10
2015-01-06,"Wilkerson, Eric",8
2015-01-06,"Wilkinson, Julia Matthews",8
2015-01-08,Dinerstein Company,2
2015-01-08,EMSO Partners Limited,2
2015-01-08,First Hartford Realty,4
2015-01-08,Greater Austin Transportation,2
2015-01-08,Provident Realty Advisors,2
2015-01-08,Reagan National Advertising,5
2015-01-08,Springdale Farms,4
2015-01-08,St. Catherine of Siena,2
2015-01-08,Stratford Land,4
2015-01-08,The Hanover Company,4
2015-01-09,6D Ranch,3
2015-01-09,Austin FBO,3
2015-01-09,Delaware North Companies/Travel Hospitality Services,4
2015-01-09,Google,8
2015-01-09,Kayne Capital,4
2015-01-09,LS Travel Retail North America,3
2015-01-09,Scott Airport Property,4
2015-01-12,16 Piggybank,6
2015-01-12,405 Colorado Holdings,2
2015-01-12,6ixth Street Austin,4
2015-01-12,A Stella Dog,2
2015-01-12,AMS Commercial Real Estate,2
2015-01-12,Aetna Sign Group,1
2015-01-12,Alexa Management,6
2015-01-12,All Saints Church,1
2015-01-12,American Campus Communities,4
2015-01-12,Amplify Federal Credit Union,4
2015-01-12,Arnold Oil,2
2015-01-12,Artesia Real Estate,4
2015-01-12,Asian American Cultural Arts Center,2
2015-01-12,Aspen Heights,8
2015-01-12,Austin City Builders,2
2015-01-12,Austin Fairchild Management,4
2015-01-12,Austin Park,6
2015-01-12,Butler Family Interests,6
2015-01-12,Butler Family Partnership,4
2015-01-12,CWS,1
2015-01-12,Capital Metro,2
2015-01-12,Cardinal Paragon,1
2015-01-12,Catalyst Acquisitions and Development Grp,2
2015-01-12,Circle C Homeowners Association,3
2015-01-12,Condominiums at Tuscany Oaks,1
2015-01-12,Coppell Building,2
2015-01-12,Cousins Properties,5
2015-01-12,Diversified Real Estate Group,2
2015-01-12,Duckworth Property Holdings,2
2015-01-12,Embree Asset Group,2
2015-01-12,Emmis Radio Broadcasting Co.,2
2015-01-12,Endeavor Real Estate Group,13
2015-01-12,Equinox,2
2015-01-12,Eureka Holdings,6
2015-01-12,Forestar Real Estate Group,11
2015-01-12,"Gates, Terrell",2
2015-01-12,Grayco Partners,5
2015-01-12,Hixon Properties,1
2015-01-12,Home Slice Pizza,2
2015-01-12,Honokea Surf Parks,5
2015-01-12,Inland American Communites,3
2015-01-12,JLM Financial Investments,5
2015-01-12,James Schoenbaum,7
2015-01-12,Junior League of Austin,3
2015-01-12,KDR Equities,2
2015-01-12,Legend Communities,5
2015-01-12,Lincoln Property Company,6
2015-01-12,MBC Engineers,4
2015-01-12,Manchester Financial Group,6
2015-01-12,Mariposa Montessori,2
2015-01-12,Megabus Southwest,3
2015-01-12,Mobile Loaves and Fishes,1
2015-01-12,Oden Hughes,7
2015-01-12,Osten Hall,3
2015-01-12,Pecan Street Association,2
2015-01-12,Pegalo Properties,2
2015-01-12,Post Paggi,2
2015-01-12,PowerFin Texas Solar Projects,1
2015-01-12,RJMadden,4
2015-01-12,"Radtke, Lorin",2
2015-01-12,Republic Services of Austin,6
2015-01-12,Roy Cavanaugh,4
2015-01-12,Senior Quality Lifestyles,6
2015-01-12,Simmons Vedder Partners,2
2015-01-12,Simon Property Group,8
2015-01-12,Songhai Ventures,3
2015-01-12,Spear Street Capital,2
2015-01-12,Spire Realty,11
2015-01-12,St. Mark's Episcopal Church,2
2015-01-12,Starwood Capital Group,1
2015-01-12,Stratus Properties,5
2015-01-12,Street Lights Residential,5
2015-01-12,Terrell Gates,1
2015-01-12,Transwestern Commercial,8
2015-01-12,Trinsic Residential Group,4
2015-01-12,Walters Southwest,7
2015-01-12,Wells Fargo,4
2015-01-12,Western Rim Investment Advisors,6
2015-01-13,5453 Burnet Park Venture,1
2015-01-13,Alliance Residential,1
2015-01-13,Ardent Residential,1
2015-01-13,Ashton Woods Homes,1
2015-01-13,Google,8
2015-01-13,"International Bank of Commerce, Laredo, Texas",1
2015-01-13,Jack Brown Family III,1
2015-01-13,KB Home Lone Star,2
2015-01-13,Lone Star Rail District (Austin-San Antonio Commuter Rail District),3
2015-01-13,Rathgeber Investment Co.,3
2015-01-13,"Riverside Resources Investments, Limited",1
2015-01-13,Round Rock ISD,3
2015-01-13,Taylor Morrison of Texas,3
2015-01-16,183 BLW,8
2015-01-16,Google,10
2015-01-16,Meritage Homes of Texas,2
2015-01-16,Powerfin Partners,1
2015-01-16,Texas Disposal Systems,5
2015-01-16,Walton International Group,8
2015-01-20,183 BLW,9
2015-01-20,Austin Achieve,8
2015-01-20,Austin Quality Schools Collaborative,8
2015-01-20,Barshop and Oles Company,2
2015-01-20,Cypress Realty,26
2015-01-20,David and Suzanne Booth,10
2015-01-20,Dwyer Realty Companies,8
2015-01-20,Forestar Real Estate Group,12
2015-01-20,Goveia Commercial Real Estate,2
2015-01-20,Johnson Development,2
2015-01-20,"Keating, Pat",2
2015-01-20,Lennar Homes,2
2015-01-20,Magnolia Montessori for all,8
2015-01-20,NRG Energy,1
2015-01-20,Powerfin Partners,2
2015-01-20,Radisson Hotel,8
2015-01-20,Riverside Resources,11
2015-01-20,Robinson Ranch,7
2015-01-20,Seton Healthcare,8
2015-01-20,Simon Property Group,9
2015-01-20,Southern Company,2
2015-01-20,"Straughan, George",2
2015-01-20,TRT Holdings,2
2015-01-20,Titan Capital Investment Group,2
2015-01-26,Save Our Springs Alliance,3
2015-01-28,Ron White Garza Estate,3
2015-01-29,Austin Film Studios,4
2015-01-29,Austin Rental Alliance,2
2015-01-29,BlueWater Systems,3
2015-01-29,Drenner Group,1
2015-01-29,Force Multiplier Solutions,2
2015-01-29,Republic Services,3
2015-01-29,Southwest Strategies Group,2
2015-01-29,Stratus Properties,7
2015-01-29,"Success Foods Management, LLC/DBA Torcy's Tacos",6
2015-01-29,Transmission Events,2
2015-01-30,Airport Fast Park - Austin,1
2015-01-30,Alliance Residential,3
2015-01-30,Ardent Residential,3
2015-01-30,"Champion, Josie, Juanita Meier and Mary Margaret Roberson",2
2015-01-30,Cypress Realty,28
2015-01-30,Met Center,10
2015-01-30,Riverside Resources,13
2015-01-30,SXSW,4
2015-01-30,St. David's Foundation,2
2015-01-30,St. David's Healthcare Center,2
2015-01-30,Stratus Properties,9
2015-01-30,Texas Disposal Systems,7
2015-02-02,5453 Burnet Park Venture,2
2015-02-02,Alliance Residential,4
2015-02-02,Ardent Residential,4
2015-02-02,Ashton Woods Homes,2
2015-02-02,"Austin American-Statesman,",3
2015-02-02,Austin Chronicle,4
2015-02-02,"Ayers, Robert A.",4
2015-02-02,Bread and Circus,4
2015-02-02,CPF River Oaks Austin,1
2015-02-02,Constructive Ventures,4
2015-02-02,Cornerstone Patriot Holdings,1
2015-02-02,Cornerstone Real Estate Advisors,1
2015-02-02,Film Society of Austin,4
2015-02-02,Finley Company,4
2015-02-02,HRI Development,3
2015-02-02,Highland Management,14
2015-02-02,"Hillin Jr., Robert",4
2015-02-02,"International Bank of Commerce, Laredo, Texas",6
2015-02-02,Jack Brown Family III,2
2015-02-02,KB Home Lone Star,3
2015-02-02,Kitchell Development,4
2015-02-02,Lampting,4
2015-02-02,"Logan, Ellen Anderson",3
2015-02-02,"Lorenz, Perry",3
2015-02-02,Met Center,17
2015-02-02,"Pinkston, Lica",4
2015-02-02,"Riverside Resources Investments, Limited",2
2015-02-02,"Rodriguez, Robert A.",4
2015-02-02,SXSW,12
2015-02-02,South IH-35 Investors,4
2015-02-02,Tantallon Austin Hotel,4
2015-02-02,Taylor Morrison of Texas,4
2015-02-02,The University of Texas System,10
2015-02-02,Troublemaker Studios,4
2015-02-02,Twelve Lakes,1
2015-02-02,Twin Oaks Associates,4
2015-02-02,WJP Swede Hill,2
2015-02-02,"Warshaw, Larry",4
2015-02-02,Weekley Homes,4
2015-02-02,Wes Peoples Homes,2
2015-02-02,"Wong, M.D., Mitchel",4
2015-02-02,Zydeco Development,6
2015-02-13,Austin Sonic,2
2015-02-13,County Line,2
2015-02-13,Henry S. Miller Realtors,2
2015-02-13,McDonalds,2
2015-02-13,"Myers, B.J., DDS",2
2015-02-13,"Skelton, Karen, Texas Realty Partners",2
2015-02-13,Tacala dba Taco Bell,2
2015-02-13,Whatabrands,2
2015-02-18,Workers Defense Action Fund,5
2015-03-06,AT&T,19
2015-03-17,Guns and Oil Beer USA,2
2015-03-17,Ranger Excavating,2
2015-03-17,Trinity Insurance Group,2
2015-03-24,2011 Boat Dock,2
2015-03-24,"Archer, Cara Jean",2
2015-03-24,"Crouch, Greg",2
2015-03-24,"Davis, Mike",2
2015-03-24,"Kalantari, Amir",2
2015-03-24,Robert Turner,2
2015-03-24,"Sifuentes, Marina",2
2015-03-26,Texas Aggregates and Concrete Association,5
2015-03-28,Austin Chamber of Commerce,2
2015-04-01,1210 Barton Springs Road Venture,2
2015-04-01,Colina West Real Estate,8
2015-04-01,Colonnetta Family,2
2015-04-01,Covered Bridge,2
2015-04-01,Covered Bridge Section 8,2
2015-04-01,GST Hermanas Land and Cattle,2
2015-04-01,Greif Yount Partnership,2
2015-04-01,Harmony Cottages,2
2015-04-01,Horse Thief Hollow,2
2015-04-01,Jeff Blatt,2
2015-04-01,Jett Abraham,2
2015-04-01,Kucera Management/Ted Mecklin,3
2015-04-01,Met Center,15
2015-04-01,Milestone Community Builders,2
2015-04-01,NB 26 Properties,2
2015-04-01,North I-35 Business Park,2
2015-04-01,PPF AMLI Covered Bridge Drive,2
2015-04-01,PRJ Development,2
2015-04-01,Quest Tower View,2
2015-04-01,Rick Sheldon Real Estate,2
2015-04-01,Riverside Homes/Scott Turner,2
2015-04-01,Sheahan Business Center,2
2015-04-01,Twin Liquors,2
2015-04-01,Vargas Properties I,2
2015-04-01,Vijay Patel,2
2015-04-01,Wagwater Partners,2
2015-04-01,Zydeco Development,6
2015-04-10,AFSCME 1624,2
2015-04-17,ATC Outdoor DAS,4
2015-04-17,ExeNet Systems,4
2015-04-17,UniSite,3
2015-04-18,Winding Prairie Grass Trails,2
2015-04-24,1715 G,2
2015-04-24,2208 Lake Austin,7
2015-04-24,408 Sterzing,5
2015-04-24,69 Grandview,2
2015-04-24,720 Lamar Place,5
2015-04-24,AECOM,5
2015-04-24,AXF Development,3
2015-04-24,"Aguirre, Antolin",2
2015-04-24,Anthony George,5
2015-04-24,Atlantic Housing Foundation,5
2015-04-24,Austin Board of Realtors,16
2015-04-24,Austin Convention Enterprises,2
2015-04-24,Austin Renaissance,4
2015-04-24,Berns Commercial Properties,5
2015-04-24,Bouldin Creek Neighborhood Association,5
2015-04-24,Bounce Marketing and Events,3
2015-04-24,"Bullard, Michael",2
2015-04-24,CMST Development,2
2015-04-24,Carollo Engineers,5
2015-04-24,Cary and Cynthia Reynolds,5
2015-04-24,Central Health,6
2015-04-24,Chereen Fisher,5
2015-04-24,Continental Cars,5
2015-04-24,D. R. Horton,3
2015-04-24,Davenport Ranch Neighborhood Assoc.,5
2015-04-24,Edward Lopez,3
2015-04-24,Eureka Holdings,8
2015-04-24,Falcon Southwest Development Co,2
2015-04-24,Fine Line Diversified Development,2
2015-04-24,Flemtex Properties,5
2015-04-24,Forestar Real Estate Group,14
2015-04-24,Foundation Communities,2
2015-04-24,"Gaskins, Bart and Jill",2
2015-04-24,Gemini Solar Development,5
2015-04-24,"Gilcrease, Peter",2
2015-04-24,Griffin School,2
2015-04-24,Grubb and Ellis Realty Investors,5
2015-04-24,HomeAway,5
2015-04-24,"Hoomanrad, Navid",2
2015-04-24,"Howard and Howard Attorneys, PLLC",5
2015-04-24,Insurance Auto Auctions,5
2015-04-24,JLB Realty,5
2015-04-24,Jeremiah Venture,5
2015-04-24,Kailey Development Partners,5
2015-04-24,LDG Norwood,5
2015-04-24,"Liemandt, Joseph and Andra",2
2015-04-24,Lippincott Capital,5
2015-04-24,Lost Creek Neighborhood Assoc,3
2015-04-24,"Lunsford, Jesse",2
2015-04-24,MTG Management,5
2015-04-24,Marcus Whitfield,3
2015-04-24,McAdams Enterprises,4
2015-04-24,Mill Creek Residential Trust,5
2015-04-24,"Moumouris, Lampros",2
2015-04-24,Oxford Alliance Investments,5
2015-04-24,Pacifica Host Hotels,5
2015-04-24,Premier Parking Enforcement,2
2015-04-24,Prevarian Hospital Partners,5
2015-04-24,Radec Management,5
2015-04-24,Reagan National Advertising,7
2015-04-24,Recurrent Energy,2
2015-04-24,Riverside Resources,15
2015-04-24,Sandstone Ventures,5
2015-04-24,Sohil Momin,5
2015-04-24,South River City Citizens Associations,3
2015-04-24,Steve Greenberg,7
2015-04-24,Synagro-WWT,3
2015-04-24,Telvending,4
2015-04-24,Texas Capital Bank,5
2015-04-24,The NRP Group,11
2015-04-24,The Park at Travis Country COA,5
2015-04-24,Travis County Healthcare District,2
2015-04-24,Travis Hotel Group,4
2015-04-24,Trilogy Enterprises,5
2015-04-24,V and S Enterprises,5
2015-04-24,Versa Development,5
2015-04-24,Zilker Park Residences Partners,5
2015-04-25,Austin Convention and Visitors Bureau,2
2015-04-25,Austin Elm Terrace LP,4
2015-04-25,Balcones Resources,8
2015-04-25,Buie and Co.,2
2015-04-25,Capital Metro,4
2015-04-25,Central Health,5
2015-04-25,City of Dripping Springs,2
2015-04-25,Clear Channel,1
2015-04-25,"Cockrum, Brigid",2
2015-04-25,Conley Sports,2
2015-04-25,Embrey Partners,1
2015-04-25,Friends of Lake Austin,2
2015-04-25,Greater Austin Transportation,4
2015-04-25,GreenRyde,2
2015-04-25,H-E-B,8
2015-04-25,HDR,4
2015-04-25,Habitat for Humanity,2
2015-04-25,Hudgins Apartment Development,2
2015-04-25,InSinkErator,2
2015-04-25,Kathleen Monahan,1
2015-04-25,Koontz-McCombs,2
2015-04-25,Lyft,3
2015-04-25,"Messier, David M.",2
2015-04-25,North American Title Group,2
2015-04-25,Perry Estates,5
2015-04-25,RedLeaf Properties,2
2015-04-25,Robert P. Wills,2
2015-04-25,Ryan Companies,8
2015-04-25,SELTEX,2
2015-04-25,Sackmann Enterprises,8
2015-04-25,Stone Systems of Central Texas,2
2015-04-25,TX RR620 Apartments,3
2015-04-25,"Tawill, Saleem",2
2015-04-25,Thinkery,2
2015-04-25,Trail Foundation,2
2015-04-25,Travis County Healthcare District,4
2015-05-16,Seton Healthcare,14
2015-05-19,Vert Cab,2
2015-05-21,Uber Technologies,2
2015-06-10,Home Builders Association of Greater Austin,2
2015-06-13,AT&T,20
2015-06-13,CPS Human Resource Services,2
2015-06-13,Cisco Systems,2
2015-06-13,Crown Castle,2
2015-06-13,Gordian Group,2
2015-06-13,HDI Solutions,2
2015-06-13,Halff Associates,4
2015-06-13,Kronos,4
2015-06-13,McKinstry,2
2015-06-13,NEC Corportation of America,2
2015-06-13,Northrop Grumman,2
2015-06-13,Oracle America,2
2015-06-13,Red Stone Construction,2
2015-06-13,United Road Towing dba UR Vehicle Management Solutions,4
2015-06-13,Xerox,2
2015-06-16,1023 Holdings,2
2015-06-16,PSW Real Estate,5
2015-06-16,SolarCity,2
2015-06-16,ZIR Investments,2
2015-06-27,1715 G,4
2015-06-27,2208 Lake Austin,5
2015-06-27,408 Sterzing,4
2015-06-27,69 Grandview,4
2015-06-27,720 Lamar Place,4
2015-06-27,AECOM,4
2015-06-27,AXF Development,4
2015-06-27,"Aguirre, Antolin",4
2015-06-27,Anthony George,4
2015-06-27,Atlantic Housing Foundation,4
2015-06-27,Austin Board of Realtors,15
2015-06-27,Austin Convention Enterprises,4
2015-06-27,Austin Renaissance,4
2015-06-27,Berns Commercial Properties,4
2015-06-27,Bouldin Creek Neighborhood Association,4
2015-06-27,Bounce Marketing and Events,4
2015-06-27,"Bullard, Michael",4
2015-06-27,CMST Development,4
2015-06-27,Carollo Engineers,4
2015-06-27,Cary and Cynthia Reynolds,4
2015-06-27,Central Health,6
2015-06-27,Chereen Fisher,4
2015-06-27,Continental Cars,4
2015-06-27,Davenport Ranch Neighborhood Assoc.,4
2015-06-27,Edward Lopez,4
2015-06-27,Eureka Holdings,7
2015-06-27,Falcon Southwest Development Co,4
2015-06-27,Fine Line Diversified Development,4
2015-06-27,Flemtex Properties,4
2015-06-27,Forestar Real Estate Group,13
2015-06-27,Foundation Communities,4
2015-06-27,"Gaskins, Bart and Jill",4
2015-06-27,Gemini Solar Development,4
2015-06-27,"Gilcrease, Peter",4
2015-06-27,Griffin School,4
2015-06-27,Grubb and Ellis Realty Investors,4
2015-06-27,HomeAway,4
2015-06-27,"Hoomanrad, Navid",4
2015-06-27,"Howard and Howard Attorneys, PLLC",4
2015-06-27,Insurance Auto Auctions,4
2015-06-27,JLB Realty,4
2015-06-27,Jeremiah Venture,4
2015-06-27,Kailey Development Partners,4
2015-06-27,LDG Norwood,4
2015-06-27,"Liemandt, Joseph and Andra",4
2015-06-27,Lippincott Capital,4
2015-06-27,Lost Creek Neighborhood Assoc,4
2015-06-27,"Lunsford, Jesse",4
2015-06-27,MTG Management,4
2015-06-27,Marcus Whitfield,4
2015-06-27,McAdams Enterprises,4
2015-06-27,Mill Creek Residential Trust,4
2015-06-27,"Moumouris, Lampros",4
2015-06-27,"O'Hayer, Matthew",1
2015-06-27,Oxford Alliance Investments,4
2015-06-27,Pacifica Host Hotels,4
2015-06-27,Premier Parking Enforcement,4
2015-06-27,Prevarian Hospital Partners,4
2015-06-27,Radec Management,4
2015-06-27,Reagan National Advertising,6
2015-06-27,Recurrent Energy,4
2015-06-27,Riverside Resources,14
2015-06-27,Roberts Resorts,1
2015-06-27,Sandstone Ventures,4
2015-06-27,Sohil Momin,4
2015-06-27,South River City Citizens Associations,4
2015-06-27,Steve Greenberg,4
2015-06-27,Synagro-WWT,4
2015-06-27,Telvending,4
2015-06-27,Texas Capital Bank,4
2015-06-27,The NRP Group,10
2015-06-27,The Park at Travis Country COA,4
2015-06-27,Travis County Healthcare District,6
2015-06-27,Travis Hotel Group,4
2015-06-27,Trilogy Enterprises,4
2015-06-27,V and S Enterprises,4
2015-06-27,Versa Development,4
2015-06-27,Zilker Park Residences Partners,4
2015-07-02,Luxe Valet,2
2015-07-15,Austin Pets Alive,2
2015-07-15,BDB Ventures,2
2015-07-15,Barton Creek Capital,1
2015-07-15,Boys and Girls Club,2
2015-07-15,Brandywine Realty Trust,2
2015-07-15,Circular Energy,1
2015-07-15,Crown Castle,3
2015-07-15,ECC Commercial,2
2015-07-15,Eureka Holdings,8
2015-07-15,Forestar Real Estate Group,15
2015-07-15,Legend Communities,7
2015-07-15,Manchester Financial Group,10
2015-07-15,Oden Hughes,8
2015-07-15,Spire Realty,8
2015-07-15,Walters Southwest,7
2015-07-15,"Whitman, Requardt and Associates",1
2015-07-15,Wolfpack Group,3
2015-07-21,1530 Barton Springs,2
2015-07-21,16 Piggybank,5
2015-07-21,2428 Partners,2
2015-07-21,A and M Option 541,3
2015-07-21,Allied Sales Company,1
2015-07-21,Aspen Heights,7
2015-07-21,"Bolick, Roger",1
2015-07-21,Butler Family Interests,5
2015-07-21,"Bynum, Joseph and Jayme",1
2015-07-21,Coastal Rim Properties,1
2015-07-21,Diversified Real Estate Group,3
2015-07-21,Driveway Austin,1
2015-07-21,EZ,1
2015-07-21,Fiesta Restaruant Group,1
2015-07-21,Grayco Partners,5
2015-07-21,Hixon Properties,2
2015-07-21,Iron Rock Ranch Apts. Owner,1
2015-07-21,KEEP Real Estate,2
2015-07-21,Maund Automotive Group,1
2015-07-21,Mr. Irish Properties,1
2015-07-21,Oportun,1
2015-07-21,PK Jarvis,1
2015-07-21,"Pahala Ventures, LLC dba Austin Emergency Center",1
2015-07-21,RDE Assets,2
2015-07-21,RKS Texas Investments,3
2015-07-21,"Radtke, Lorin",2
2015-07-21,Rio Equity,1
2015-07-21,Robert Turner,3
2015-07-21,Seaman Development,1
2015-07-21,Ski Shores Properties,1
2015-07-21,South Austin Interests,1
2015-07-21,Speedy Cash,1
2015-07-21,Stoltz Management,1
2015-07-21,Terry Mathney,1
2015-07-21,Transwestern Commercial,7
2015-07-29,American Heart Association,10
2015-07-31,American Heart Association,11
2015-08-01,620/183,2
2015-08-01,AJHSCCM,2
2015-08-01,ARG Bull Creek,2
2015-08-01,AVG Partners,3
2015-08-01,American Heart Association,12
2015-08-01,Art at Bratton's Edge,3
2015-08-01,Canchola and Hyde Productions,2
2015-08-01,Castle Hill Management,3
2015-08-01,Century Land Holdings II,3
2015-08-01,Dessau Howard,2
2015-08-01,"Eads, Ralph, III",2
2015-08-01,Endeavor Real Estate Group,14
2015-08-01,Essex and Delancey,2
2015-08-01,FourT Realty,2
2015-08-01,HTK Development,3
2015-08-01,JFP Industrial Interests,2
2015-08-01,JP Morgan Chase Bank,2
2015-08-01,Johnson Four Corners,2
2015-08-01,LTBS 2222,2
2015-08-01,La V Restaurant,2
2015-08-01,"McGinnis, Michael J.",2
2015-08-01,Milestone Community Builders,4
2015-08-01,Neans Investments,2
2015-08-01,Pearson Place at Avery Ranch,2
2015-08-01,Pulte Homes of Texas,2
2015-08-01,Simmons Vedder Partners,3
2015-08-01,Suzanne Snyder,3
2015-08-01,TCAS Global Investments,2
2015-08-01,Texas Star Brands,2
2015-08-01,The Brohn Group,9
2015-08-01,The City School,3
2015-08-01,The Stratford Company,2
2015-08-01,Thomas Southwest,2
2015-08-01,Toria and Blake English,2
2015-08-01,Velocity Park I,2
2015-08-01,Vinson Radke Investments,2
2015-08-01,Waterloo Development,2
2015-08-01,ZFB,3
2015-08-05,AT&T,22
2015-08-06,Feld Entertainement,2
2015-08-18,Covered Bridge Property Owners Association,2
2015-08-18,Hill Country Estates Homeowners Association,2
2015-08-18,Onion Creek Club,2
2015-08-18,Roy Cavanaugh,6
2015-08-19,Allegiant Air,2
2015-08-20,American Heart Association,14
2015-08-29,HNTB,3
2015-09-01,Benchmark Development/Goodnight Ranch,2
2015-09-01,Condominiums at Tuscany Oaks,3
2015-09-01,D. R. Horton,3
2015-09-01,JBS Holdings,2
2015-09-01,Journeyman Construction,2
2015-09-01,M.J. Investments,2
2015-09-01,MOMARK Development,2
2015-09-01,Michael Young,2
2015-09-01,"Nassour, Jimmy",2
2015-09-01,Schlosser Development,2
2015-09-01,Texas Association of Counties Risk Management Pool,2
2015-09-05,Masterplan,3
2015-09-12,A and M Option 541,4
2015-09-12,Austin Christian Fellowship,1
2015-09-12,Avion Park,1
2015-09-12,Braker Valley,2
2015-09-12,Buffalo Equities,2
2015-09-12,Driveway Austin,2
2015-09-12,Foremost Partners,1
2015-09-12,Intermandeco GP,1
2015-09-12,KB Home Central Texas Division,1
2015-09-12,KB Home Lone Star,3
2015-09-12,RKS Texas Investments,4
2015-09-12,Robert Turner,5
2015-09-16,Workers Defense Project,2
2015-09-19,AT&T,14
2015-09-29,Reagan National Advertising,10
2015-09-29,Reagan Signs,2
2015-10-06,Cielo Property Group,1
2015-10-06,County Line,2
2015-10-06,First Hartford Realty,3
2015-10-06,Fremont Holdings,1
2015-10-06,Generational Commercial Properties,1
2015-10-06,Life Austin,1
2015-10-06,S.H. 130-71 Holdings,1
2015-10-06,Schwab,1
2015-10-06,Springdale Farms,3
2015-10-06,Steve Pagura,1
2015-10-06,Stratford Land,3
2015-10-06,Sutton Company,1
2015-10-06,Taurus of Texas GP,1
2015-10-06,The Hanover Company,3
2015-10-10,AT&T,15
2015-10-10,Austin Board of Realtors,11
2015-10-10,Balcones Resources,9
2015-10-10,Hopper Communities,5
2015-10-10,Ledcor Properties Company,5
2015-10-10,Lincoln Property Company,7
2015-10-10,Oden Hughes,9
2015-10-10,Techridge Spectrum B.C.,5
2015-10-10,Texas Research International,5
2015-10-15,405 Colorado Holdings,2
2015-10-15,6ixth Street Austin,3
2015-10-15,93 Red River Investors,1
2015-10-15,A Stella Dog,2
2015-10-15,AETNA Sign Group,1
2015-10-15,AMS Commercial Real Estate,2
2015-10-15,American Campus Communities,3
2015-10-15,Amplify Federal Credit Union,3
2015-10-15,Austin City Builders,2
2015-10-15,Austin Fairchild Management,3
2015-10-15,Brandywine Realty Trust,3
2015-10-15,Caledonia Properties,1
2015-10-15,Capital Metro,4
2015-10-15,Coppell Building,2
2015-10-15,Duckworth Property Holdings,2
2015-10-15,Embree Asset Group,2
2015-10-15,Emmis Radio Broadcasting Co.,2
2015-10-15,Endeavor Real Estate Group,15
2015-10-15,Equinox,2
2015-10-15,Home Slice Pizza,2
2015-10-15,KDR Equities,2
2015-10-15,MBC Engineers,3
2015-10-15,Mariposa Montessori,2
2015-10-15,Megabus Southwest,3
2015-10-15,Osten Hall,3
2015-10-15,Pecan Street Association,2
2015-10-15,Pegalo Properties,2
2015-10-15,RJMadden,3
2015-10-15,Scenic Austin,1
2015-10-15,Street Lights Residential,3
2015-10-15,Terrell Gates,2
2015-10-15,The NRP Group,11
2015-10-15,Wells Fargo,3
2015-10-15,Western Rim Investment Advisors,6
2015-10-23,AMD,1
2015-10-23,AT&T,10
2015-10-23,Airbnb,1
2015-10-23,Apex Bethel Energy Center,1
2015-10-23,Armbrust and Brown,1
2015-10-23,Balcones Resources,4
2015-10-23,Balfour Beatty Construction,1
2015-10-23,Brandywine Realty Trust,4
2015-10-23,Bury,1
2015-10-23,CCARE,1
2015-10-23,"Cedar Park, TX",1
2015-10-23,Circuit of the Americas,7
2015-10-23,Cirrus Logic,7
2015-10-23,Cypress Realty,29
2015-10-23,Cypress Semiconductor,1
2015-10-23,Endeavor Real Estate Group,14
2015-10-23,Freescale,1
2015-10-23,Gables Residential,7
2015-10-23,Goveia Commercial Real Estate,3
2015-10-23,HDR,3
2015-10-23,Lincoln Clean Energy,1
2015-10-23,MWH Constructors,1
2015-10-23,McShane Development,1
2015-10-23,North Austin MUD No. 1,6
2015-10-23,Northtown MUD,1
2015-10-23,Samsung,1
2015-10-23,Seton Healthcare,15
2015-10-23,Taurus of Texas GP,2
2015-10-23,Tokyo Electron America,1
2015-10-23,Torchy's Tacos,1
2015-10-23,Wal-Mart,1
2015-10-23,Walter A. DeRoeck,1
2015-10-23,Walton Development,1
2015-10-23,Water Control Irrigation District # 10,1
2015-10-23,Wells Branch MUD,1
2015-10-23,West Austin Youth Association,1
2015-10-23,White Lodging Services,7
2015-10-28,Jack W. Gullahorn P.C.,1
2015-11-07,405 Colorado Holdings,3
2015-11-07,6ixth Street Austin,4
2015-11-07,93 Red River Investors,2
2015-11-07,A Stella Dog,3
2015-11-07,AMS Commercial Real Estate,3
2015-11-07,Aetna Sign Group,2
2015-11-07,American Campus Communities,4
2015-11-07,Amplify Federal Credit Union,4
2015-11-07,Austin City Builders,3
2015-11-07,Austin Fairchild Management,4
2015-11-07,Brandywine Realty Trust,5
2015-11-07,Caledonia Properties,2
2015-11-07,Capital Metro,5
2015-11-07,Coppell Building,3
2015-11-07,Duckworth Property Holdings,3
2015-11-07,Embree Asset Group,3
2015-11-07,Emmis Radio Broadcasting Co.,3
2015-11-07,Endeavor Real Estate Group,15
2015-11-07,Equinox,3
2015-11-07,Home Slice Pizza,3
2015-11-07,KDR Equities,3
2015-11-07,MBC Engineers,4
2015-11-07,Mariposa Montessori,3
2015-11-07,Megabus Southwest,4
2015-11-07,Osten Hall,4
2015-11-07,Pecan Street Association,3
2015-11-07,Pegalo Properties,3
2015-11-07,RJMadden,4
2015-11-07,Scenic Austin,2
2015-11-07,Street Lights Residential,5
2015-11-07,Terrell Gates,3
2015-11-07,The NRP Group,12
2015-11-07,Wells Fargo,4
2015-11-07,Western Rim Investment Advisors,8
2015-12-08,Austin Chamber of Commerce,3
2015-12-22,EMSO Partners Limited,2
2015-12-24,183 BLW,8
2015-12-24,4800 Friedrich Lane,5
2015-12-24,Accelerator Holdings,5
2015-12-24,Amstar Group,10
2015-12-24,Aspen Properties,5
2015-12-24,Austin Achieve,7
2015-12-24,Austin Baptist Church,5
2015-12-24,Austin Board of Realtors,10
2015-12-24,Austin Park,6
2015-12-24,Austin Quality Schools Collaborative,7
2015-12-24,Austin Restaurant Association,5
2015-12-24,AutoReturn,5
2015-12-24,AvalonPark Texas,5
2015-12-24,Blenheim,5
2015-12-24,Brock Consulting Group,5
2015-12-24,CP II Wild Basin,5
2015-12-24,CRV Shoreline,5
2015-12-24,CST Brands,5
2015-12-24,CWS Capital Partners,5
2015-12-24,Capital Commercial Investments,5
2015-12-24,Capitol City Partners,5
2015-12-24,Capridge Partners,5
2015-12-24,Carma Texas,5
2015-12-24,Charles Dorrance,5
2015-12-24,Christopher Slover,5
2015-12-24,Circuit of the Americas,6
2015-12-24,Cirrus Logic,6
2015-12-24,Colina West Real Estate,7
2015-12-24,Concordia University,5
2015-12-24,Creek 620,5
2015-12-24,Crescent 210 Barton Springs,5
2015-12-24,"Cullen, John",5
2015-12-24,Cypress Realty,25
2015-12-24,Dan Byrne,5
2015-12-24,David and Suzanne Booth,9
2015-12-24,Deborah and Gary Attal,5
2015-12-24,Dwyer Realty Companies,7
2015-12-24,EHB Companies,5
2015-12-24,Endeavor Real Estate Group,14
2015-12-24,Episcopal Theological Seminary of the Southwest,5
2015-12-24,Eric Reddehase,5
2015-12-24,Flextronics,5
2015-12-24,Flux Factory,5
2015-12-24,Forestar Real Estate Group,14
2015-12-24,Four Seasons Hotel,5
2015-12-24,G5 Investments,5
2015-12-24,Gables Residential,6
2015-12-24,"Gallegos, Jim",3
2015-12-24,"Garvey, Jeffery C.",3
2015-12-24,Gene Burris,5
2015-12-24,General Investment and Development,5
2015-12-24,Gerald Kucera,3
2015-12-24,Glenn Jackson,5
2015-12-24,Goodstone,5
2015-12-24,Google,9
2015-12-24,H-E-B,7
2015-12-24,HPI Real Estate and Services Investment,5
2015-12-24,HSD Lakeway Holdings,5
2015-12-24,Harmony Public Schools,5
2015-12-24,Highland Management,13
2015-12-24,Home Away,1
2015-12-24,Hughes Capital Management,5
2015-12-24,Hyde Park Baptist Church,5
2015-12-24,IDEA Public Schools,5
2015-12-24,Inland Group,3
2015-12-24,James Schneider,5
2015-12-24,James Schoenbaum,6
2015-12-24,Jewish Community Association of Austin,5
2015-12-24,KIPP Austin Public School,5
2015-12-24,Linda Moody,5
2015-12-24,Liz Lambert,5
2015-12-24,Magellan Development Group,5
2015-12-24,Magnolia Montessori for all,7
2015-12-24,Majestic Realty,5
2015-12-24,Makar Properties,3
2015-12-24,Manoj Saxena,5
2015-12-24,"McCullough, Todd",5
2015-12-24,Meredith Family Revocable Trust,5
2015-12-24,"Middleton, David",3
2015-12-24,"Nelsen, Brad",3
2015-12-24,North Austin Municipal Utility District No. 1,1
2015-12-24,Onion Associates,5
2015-12-24,Orangestone Bluegrass,5
2015-12-24,P&S Investments I,5
2015-12-24,"Pacitti, Chris",3
2015-12-24,Qualico,5
2015-12-24,REIT Management and Research,3
2015-12-24,Radisson Hotel,7
2015-12-24,Randy Wilson,5
2015-12-24,"Rice, Robert",5
2015-12-24,Riddell Family,5
2015-12-24,Riverside Resources,13
2015-12-24,Robert Schmidt,5
2015-12-24,Robinson Ranch,6
2015-12-24,Ryan Companies,7
2015-12-24,Ryan Street and Associates,5
2015-12-24,Safeway,5
2015-12-24,Scott Sayers,5
2015-12-24,"Scott, John",3
2015-12-24,Seton Healthcare,14
2015-12-24,"Shapiro, Bobby and Jim",5
2015-12-24,Simon Property Group,8
2015-12-24,Speakeasy,5
2015-12-24,Speedy Stop,5
2015-12-24,St. Andrew's Episcopal School,5
2015-12-24,Stream Realty,5
2015-12-24,Stubb's Austin Restaurant Company,5
2015-12-24,"Success Foods Management, LLC/DBA Torcy's Tacos",6
2015-12-24,T. Stacy and Associates,5
2015-12-24,TR Vista Preserve,5
2015-12-24,"TSVF I, Pecan Park",5
2015-12-24,Tanglewood Forest Limited District,5
2015-12-24,Taylor Morrison,3
2015-12-24,Texas Disposal Systems,7
2015-12-24,The Brohn Group,7
2015-12-24,The Charter School Fund,5
2015-12-24,The Dovetail Companies,5
2015-12-24,The Gottesman Company,4
2015-12-24,The Kucera Companies,5
2015-12-24,The NRP Group,11
2015-12-24,The University of Texas System,9
2015-12-24,Tierra Concepts,5
2015-12-24,Total Wine and More,3
2015-12-24,Trammell Crow Company,5
2015-12-24,Trudy's Texas Star,5
2015-12-24,Urban Outfitters,5
2015-12-24,Vivo Hospitality,5
2015-12-24,W and G Partnership,5
2015-12-24,Walton International Group,7
2015-12-24,Walton Stacy Partners,19
2015-12-24,Westbank Community Library District,5
2015-12-24,White Lodging Services,6
2015-12-24,"Wilkerson, Eric",5
2015-12-24,"Wilkinson, Julia Matthews",5
2016-01-05,Airport Fast Park - Austin,2
2016-01-05,Alliance Residential,5
2016-01-05,Ardent Residential,5
2016-01-05,"Champion, Josie, Juanita Meier and Mary Margaret Roberson",3
2016-01-05,Cypress Realty,26
2016-01-05,Met Center,16
2016-01-05,Riverside Resources,14
2016-01-05,SXSW,14
2016-01-05,Spire Realty,7
2016-01-05,St. David's Foundation,3
2016-01-05,St. David's Healthcare Center,3
2016-01-05,Stratus Properties,8
2016-01-05,Tantallon Austin Hotel,6
2016-01-05,Texas Disposal Systems,8
2016-01-05,Twelve Lakes,2
2016-01-07,183 BLW,6
2016-01-07,4800 Friedrich Lane,3
2016-01-07,Accelerator Holdings,3
2016-01-07,Amstar Group,6
2016-01-07,Aspen Properties,3
2016-01-07,Austin Achieve,5
2016-01-07,Austin Baptist Church,3
2016-01-07,Austin Board of Realtors,8
2016-01-07,Austin Park,6
2016-01-07,Austin Quality Schools Collaborative,5
2016-01-07,Austin Restaurant Association,3
2016-01-07,AutoReturn,3
2016-01-07,AvalonPark Texas,3
2016-01-07,Blenheim,3
2016-01-07,Brock Consulting Group,3
2016-01-07,CP II Wild Basin,3
2016-01-07,CRV Shoreline,3
2016-01-07,CST Brands,3
2016-01-07,CWS Capital Partners,3
2016-01-07,Capital Commercial Investments,3
2016-01-07,Capitol City Partners,3
2016-01-07,Capridge Partners,3
2016-01-07,Carma Texas,3
2016-01-07,Charles Dorrance,3
2016-01-07,Christopher Slover,3
2016-01-07,Circuit of the Americas,4
2016-01-07,Cirrus Logic,4
2016-01-07,Colina West Real Estate,5
2016-01-07,Concordia University,3
2016-01-07,Creek 620,3
2016-01-07,Crescent 210 Barton Springs,3
2016-01-07,"Cullen, John",3
2016-01-07,Cypress Realty,18
2016-01-07,Dan Byrne,3
2016-01-07,David and Suzanne Booth,7
2016-01-07,Deborah and Gary Attal,3
2016-01-07,Downtown Austin Alliance,2
2016-01-07,Dwyer Realty Companies,5
2016-01-07,EHB Companies,3
2016-01-07,Endeavor Real Estate Group,12
2016-01-07,Episcopal Theological Seminary of the Southwest,3
2016-01-07,Eric Reddehase,3
2016-01-07,Flextronics,3
2016-01-07,Flux Factory,3
2016-01-07,Forestar Real Estate Group,12
2016-01-07,Four Seasons Hotel,3
2016-01-07,G5 Investments,3
2016-01-07,Gables Residential,4
2016-01-07,"Gallegos, Jim",3
2016-01-07,"Garvey, Jeffery C.",3
2016-01-07,Gene Burris,3
2016-01-07,General Investment and Development,3
2016-01-07,Glenn Jackson,3
2016-01-07,Goodstone,3
2016-01-07,Google,7
2016-01-07,Greater Austin Transportation,5
2016-01-07,H-E-B,5
2016-01-07,HPI Real Estate and Services Investment,3
2016-01-07,HSD Lakeway Holdings,3
2016-01-07,Harmony Public Schools,3
2016-01-07,Highland Management,11
2016-01-07,Hughes Capital Management,3
2016-01-07,Hyde Park Baptist Church,3
2016-01-07,IDEA Public Schools,3
2016-01-07,Inland Group,3
2016-01-07,James Schneider,3
2016-01-07,James Schoenbaum,4
2016-01-07,Jewish Community Association of Austin,3
2016-01-07,KIPP Austin Public School,3
2016-01-07,Kucera Management/Ted Mecklin,3
2016-01-07,Linda Moody,3
2016-01-07,Liz Lambert,3
2016-01-07,Magellan Development Group,3
2016-01-07,Magnolia Montessori for all,5
2016-01-07,Majestic Realty,3
2016-01-07,Makar Development - Waters Edge,2
2016-01-07,Manoj Saxena,3
2016-01-07,"McCullough, Todd",3
2016-01-07,Meredith Family Revocable Trust,3
2016-01-07,"Middleton, David",3
2016-01-07,"Nelsen, Brad",3
2016-01-07,North Austin MUD No. 1,3
2016-01-07,Onion Associates,3
2016-01-07,Orangestone Bluegrass,3
2016-01-07,P&S Investments I,3
2016-01-07,"Pacitti, Chris",3
2016-01-07,Qualico,3
2016-01-07,REIT Management,2
2016-01-07,Radisson Hotel,5
2016-01-07,Randy Wilson,3
2016-01-07,"Rice, Robert",3
2016-01-07,Riddell Family,3
2016-01-07,Riverside Resources,12
2016-01-07,Robert Schmidt,3
2016-01-07,Robinson Ranch,4
2016-01-07,Ryan Companies,5
2016-01-07,Ryan Street and Associates,3
2016-01-07,Safeway,3
2016-01-07,Scott Sayers,3
2016-01-07,"Scott, John",3
2016-01-07,Seton Healthcare,12
2016-01-07,"Shapiro, Bobby and Jim",3
2016-01-07,Simon Property Group,6
2016-01-07,Speakeasy,3
2016-01-07,Speedy Stop,3
2016-01-07,St. Andrew's Episcopal School,3
2016-01-07,Stream Realty,3
2016-01-07,Stubb's Austin Restaurant Company,3
2016-01-07,"Success Foods Management, LLC/DBA Torcy's Tacos",5
2016-01-07,T. Stacy and Associates,3
2016-01-07,TR Vista Preserve,3
2016-01-07,"TSVF I, Pecan Park",3
2016-01-07,Tanglewood Forest Limited District,3
2016-01-07,Taylor Morrison,3
2016-01-07,Texas Disposal Systems,8
2016-01-07,The Brohn Group,5
2016-01-07,The Charter School Fund,3
2016-01-07,The Dovetail Companies,3
2016-01-07,The Gottesman Company,2
2016-01-07,The Kucera Companies,3
2016-01-07,The NRP Group,9
2016-01-07,The University of Texas System,7
2016-01-07,Tierra Concepts,3
2016-01-07,Total Wine and More,3
2016-01-07,Trammell Crow Company,3
2016-01-07,Trudy's Texas Star,3
2016-01-07,Urban Outfitters,3
2016-01-07,Vivo Hospitality,3
2016-01-07,W and G Partnership,3
2016-01-07,Walton International Group,5
2016-01-07,Walton Stacy Partners,11
2016-01-07,Westbank Community Library District,3
2016-01-07,White Lodging Services,4
2016-01-07,"Wilkerson, Eric",3
2016-01-07,"Wilkinson, Julia Matthews",3
2016-01-09,183 BLW,7
2016-01-09,787 Developers,1
2016-01-09,Alexa Management,5
2016-01-09,Aspen Heights,6
2016-01-09,Boys and Girls Club,3
2016-01-09,Brandywine Realty Trust,6
2016-01-09,Butler Family Interests,5
2016-01-09,Cielo Property Group,2
2016-01-09,County Line,3
2016-01-09,Crown Castle,4
2016-01-09,"Dawlett, Haythem",1
2016-01-09,Fremont Holdings,2
2016-01-09,Google,8
2016-01-09,Greystar Real Estate Partners,1
2016-01-09,Heights SOCO Development,1
2016-01-09,Hixon Properties,3
2016-01-09,Iron Rock Ranch Apts. Owner,2
2016-01-09,JSTrain,1
2016-01-09,Lennar Homes,3
2016-01-09,Life Austin,2
2016-01-09,Lyft,3
2016-01-09,Manchester Financial Group,9
2016-01-09,Meritage Homes of Texas,3
2016-01-09,Oden Hughes,5
2016-01-09,"Pagura, Steve",1
2016-01-09,Powerfin Partners,3
2016-01-09,RedLeaf Properties,3
2016-01-09,S.H. 130-71 Holdings,2
2016-01-09,St. Catherine of Siena,1
2016-01-09,Stratford Land,2
2016-01-09,Taurus of Texas GP,3
2016-01-09,Texas Disposal Systems,9
2016-01-09,Transwestern Commercial,6
2016-01-09,Walters Southwest,6
2016-01-09,Walton International Group,6
2016-01-09,"Zuniga, Diana",1
2016-01-12,Central Health,7
2016-01-12,Denison Development,1
2016-01-12,Google,8
2016-01-12,HNTB,3
2016-01-12,Home Builders Association of Greater Austin,5
2016-01-12,Pohl Partners,1
2016-01-12,Preston General Contractors,1
2016-01-12,Scenic Austin,3
2016-01-12,UMLAUF Sculpture Gardens and Museum,1
2016-01-13,Austin Chronicle,6
2016-01-13,"Ayers, Robert A.",6
2016-01-13,Bread and Circus,6
2016-01-13,CPF River Oaks Austin,3
2016-01-13,Constructive Ventures,6
2016-01-13,Cornerstone Patriot Holdings,3
2016-01-13,Cornerstone Real Estate Advisors,3
2016-01-13,Film Society of Austin,6
2016-01-13,Finley Company,6
2016-01-13,HRI Development,5
2016-01-13,Highland Management,15
2016-01-13,"Hillin Jr., Robert",6
2016-01-13,"International Bank of Commerce, Laredo, Texas",8
2016-01-13,Kitchell Development,6
2016-01-13,Lampting,6
2016-01-13,Met Center,18
2016-01-13,"Pinkston, Lica",6
2016-01-13,"Rodriguez, Robert A.",6
2016-01-13,SXSW,18
2016-01-13,South IH-35 Investors,6
2016-01-13,Tantallon Austin Hotel,8
2016-01-13,The University of Texas System,9
2016-01-13,Troublemaker Studios,6
2016-01-13,Twelve Lakes,4
2016-01-13,Twin Oaks Associates,6
2016-01-13,WJP Swede Hill,4
2016-01-13,"Warshaw, Larry",6
2016-01-13,Weekley Homes,6
2016-01-13,Wes Peoples Homes,4
2016-01-13,"Wong, M.D., Mitchel",6
2016-01-13,Zydeco Development,8
2016-01-16,405 Colorado Holdings,3
2016-01-16,6ixth Street Austin,3
2016-01-16,93 Red River Investors,3
2016-01-16,A Stella Dog,3
2016-01-16,AMS Commercial Real Estate,3
2016-01-16,Aetna Sign Group,2
2016-01-16,American Campus Communities,3
2016-01-16,Amplify Federal Credit Union,3
2016-01-16,Austin City Builders,3
2016-01-16,Austin Fairchild Management,3
2016-01-16,Brandywine Realty Trust,7
2016-01-16,Caledonia Properties,3
2016-01-16,Capital Metro,5
2016-01-16,Coppell Building,3
2016-01-16,Duckworth Property Holdings,3
2016-01-16,Embree Asset Group,3
2016-01-16,Emmis Radio Broadcasting Co.,3
2016-01-16,Endeavor Real Estate Group,11
2016-01-16,Equinox,3
2016-01-16,Home Slice Pizza,3
2016-01-16,KDR Equities,3
2016-01-16,MBC Engineers,3
2016-01-16,Mariposa Montessori,3
2016-01-16,Megabus Southwest,3
2016-01-16,Osten Hall,3
2016-01-16,Pecan Street Association,3
2016-01-16,Pegalo Properties,3
2016-01-16,RJMadden,3
2016-01-16,Street Lights Residential,5
2016-01-16,Terrell Gates,3
2016-01-16,The NRP Group,10
2016-01-16,Wells Fargo,3
2016-01-16,Western Rim Investment Advisors,6
2016-01-20,706 Development,1
2016-01-20,Austin Achieve,4
2016-01-20,Austin Quality Schools Collaborative,4
2016-01-20,Barshop and Oles Company,1
2016-01-20,Cypress Realty,18
2016-01-20,David and Suzanne Booth,7
2016-01-20,Dwyer Realty Companies,4
2016-01-20,Forestar Real Estate Group,10
2016-01-20,Goveia Commercial Real Estate,2
2016-01-20,Harmony Public Schools,4
2016-01-20,IDEA Public Schools,4
2016-01-20,Johnson Development,1
2016-01-20,"Keating, Pat",1
2016-01-20,Lakeline Corner Partners,1
2016-01-20,Magnolia Montessori for all,4
2016-01-20,NRG Energy,1
2016-01-20,Powerfin Partners,2
2016-01-20,Radisson Hotel,6
2016-01-20,Riverside Resources,13
2016-01-20,Robinson Ranch,5
2016-01-20,Seton Healthcare,11
2016-01-20,Simon Property Group,6
2016-01-20,Southern Company,2
2016-01-20,"Straughan, George",3
2016-01-20,TRT Holdings,2
2016-01-20,Titan Capital Investment Group,1
2016-01-20,Wayside Schools,1
